file,line,type,commit,author,date,time,timezone,datetime,depth,length
style.css,1,css,c0d80459,somythl,2025-01-17,23:05:31,-08:00,2025-01-17T23:05:31-08:00,0,18
style.css,2,css,c0d80459,somythl,2025-01-17,23:05:31,-08:00,2025-01-17T23:05:31-08:00,0,5
style.css,3,css,c0d80459,somythl,2025-01-17,23:05:31,-08:00,2025-01-17T23:05:31-08:00,0,61
style.css,4,css,c0d80459,somythl,2025-01-17,23:05:31,-08:00,2025-01-17T23:05:31-08:00,0,92
style.css,5,css,c0d80459,somythl,2025-01-17,23:05:31,-08:00,2025-01-17T23:05:31-08:00,0,0
style.css,6,css,c0d80459,somythl,2025-01-17,23:05:31,-08:00,2025-01-17T23:05:31-08:00,0,0
style.css,7,css,1599cb4d,somythl,2025-01-24,23:36:10,-08:00,2025-01-24T23:36:10-08:00,0,6
style.css,8,css,1599cb4d,somythl,2025-01-24,23:36:10,-08:00,2025-01-24T23:36:10-08:00,0,64
style.css,9,css,1599cb4d,somythl,2025-01-24,23:36:10,-08:00,2025-01-24T23:36:10-08:00,0,0
style.css,10,css,1599cb4d,somythl,2025-01-24,23:36:10,-08:00,2025-01-24T23:36:10-08:00,0,0
style.css,11,css,edea7571,somythl,2025-01-10,18:35:18,-08:00,2025-01-10T18:35:18-08:00,0,5
style.css,12,css,c0d80459,somythl,2025-01-17,23:05:31,-08:00,2025-01-17T23:05:31-08:00,0,24
style.css,13,css,c0d80459,somythl,2025-01-17,23:05:31,-08:00,2025-01-17T23:05:31-08:00,0,43
style.css,14,css,c0d80459,somythl,2025-01-17,23:05:31,-08:00,2025-01-17T23:05:31-08:00,0,16
style.css,15,css,c0d80459,somythl,2025-01-17,23:05:31,-08:00,2025-01-17T23:05:31-08:00,0,0
style.css,16,css,c0d80459,somythl,2025-01-17,23:05:31,-08:00,2025-01-17T23:05:31-08:00,0,0
style.css,17,css,c0d80459,somythl,2025-01-17,23:05:31,-08:00,2025-01-17T23:05:31-08:00,0,19
style.css,18,css,c0d80459,somythl,2025-01-17,23:05:31,-08:00,2025-01-17T23:05:31-08:00,0,8
style.css,19,css,c0d80459,somythl,2025-01-17,23:05:31,-08:00,2025-01-17T23:05:31-08:00,0,42
style.css,20,css,c0d80459,somythl,2025-01-17,23:05:31,-08:00,2025-01-17T23:05:31-08:00,0,53
style.css,21,css,c0d80459,somythl,2025-01-17,23:05:31,-08:00,2025-01-17T23:05:31-08:00,0,45
style.css,22,css,c0d80459,somythl,2025-01-17,23:05:31,-08:00,2025-01-17T23:05:31-08:00,0,59
style.css,23,css,c0d80459,somythl,2025-01-17,23:05:31,-08:00,2025-01-17T23:05:31-08:00,0,0
style.css,24,css,c0d80459,somythl,2025-01-17,23:05:31,-08:00,2025-01-17T23:05:31-08:00,0,0
style.css,25,css,c0d80459,somythl,2025-01-17,23:05:31,-08:00,2025-01-17T23:05:31-08:00,0,0
style.css,26,css,c0d80459,somythl,2025-01-17,23:05:31,-08:00,2025-01-17T23:05:31-08:00,0,10
style.css,27,css,c0d80459,somythl,2025-01-17,23:05:31,-08:00,2025-01-17T23:05:31-08:00,0,21
style.css,28,css,c0d80459,somythl,2025-01-17,23:05:31,-08:00,2025-01-17T23:05:31-08:00,0,44
style.css,29,css,c0d80459,somythl,2025-01-17,23:05:31,-08:00,2025-01-17T23:05:31-08:00,0,18
style.css,30,css,c0d80459,somythl,2025-01-17,23:05:31,-08:00,2025-01-17T23:05:31-08:00,0,43
style.css,31,css,1599cb4d,somythl,2025-01-24,23:36:10,-08:00,2025-01-24T23:36:10-08:00,0,71
style.css,32,css,c0d80459,somythl,2025-01-17,23:05:31,-08:00,2025-01-17T23:05:31-08:00,0,110
style.css,33,css,c0d80459,somythl,2025-01-17,23:05:31,-08:00,2025-01-17T23:05:31-08:00,0,0
style.css,34,css,c0d80459,somythl,2025-01-17,23:05:31,-08:00,2025-01-17T23:05:31-08:00,0,0
style.css,35,css,c0d80459,somythl,2025-01-17,23:05:31,-08:00,2025-01-17T23:05:31-08:00,0,18
style.css,36,css,c0d80459,somythl,2025-01-17,23:05:31,-08:00,2025-01-17T23:05:31-08:00,0,51
style.css,37,css,c0d80459,somythl,2025-01-17,23:05:31,-08:00,2025-01-17T23:05:31-08:00,0,54
style.css,38,css,1599cb4d,somythl,2025-01-24,23:36:10,-08:00,2025-01-24T23:36:10-08:00,0,67
style.css,39,css,c0d80459,somythl,2025-01-17,23:05:31,-08:00,2025-01-17T23:05:31-08:00,0,0
style.css,40,css,c0d80459,somythl,2025-01-17,23:05:31,-08:00,2025-01-17T23:05:31-08:00,0,0
style.css,41,css,c0d80459,somythl,2025-01-17,23:05:31,-08:00,2025-01-17T23:05:31-08:00,0,16
style.css,42,css,1599cb4d,somythl,2025-01-24,23:36:10,-08:00,2025-01-24T23:36:10-08:00,0,106
style.css,43,css,1599cb4d,somythl,2025-01-24,23:36:10,-08:00,2025-01-24T23:36:10-08:00,0,73
style.css,44,css,c0d80459,somythl,2025-01-17,23:05:31,-08:00,2025-01-17T23:05:31-08:00,0,26
style.css,45,css,c0d80459,somythl,2025-01-17,23:05:31,-08:00,2025-01-17T23:05:31-08:00,0,0
style.css,46,css,c0d80459,somythl,2025-01-17,23:05:31,-08:00,2025-01-17T23:05:31-08:00,0,0
style.css,47,css,c0d80459,somythl,2025-01-17,23:05:31,-08:00,2025-01-17T23:05:31-08:00,0,24
style.css,48,css,c0d80459,somythl,2025-01-17,23:05:31,-08:00,2025-01-17T23:05:31-08:00,0,5
style.css,49,css,c0d80459,somythl,2025-01-17,23:05:31,-08:00,2025-01-17T23:05:31-08:00,0,16
style.css,50,css,c0d80459,somythl,2025-01-17,23:05:31,-08:00,2025-01-17T23:05:31-08:00,0,14
style.css,51,css,c0d80459,somythl,2025-01-17,23:05:31,-08:00,2025-01-17T23:05:31-08:00,0,12
style.css,52,css,c0d80459,somythl,2025-01-17,23:05:31,-08:00,2025-01-17T23:05:31-08:00,0,25
style.css,53,css,c0d80459,somythl,2025-01-17,23:05:31,-08:00,2025-01-17T23:05:31-08:00,0,22
style.css,54,css,c0d80459,somythl,2025-01-17,23:05:31,-08:00,2025-01-17T23:05:31-08:00,0,18
style.css,55,css,c0d80459,somythl,2025-01-17,23:05:31,-08:00,2025-01-17T23:05:31-08:00,0,0
style.css,56,css,c0d80459,somythl,2025-01-17,23:05:31,-08:00,2025-01-17T23:05:31-08:00,0,0
style.css,57,css,1599cb4d,somythl,2025-01-24,23:36:10,-08:00,2025-01-24T23:36:10-08:00,0,11
style.css,58,css,c0d80459,somythl,2025-01-17,23:05:31,-08:00,2025-01-17T23:05:31-08:00,0,14
style.css,59,css,1599cb4d,somythl,2025-01-24,23:36:10,-08:00,2025-01-24T23:36:10-08:00,0,17
style.css,60,css,1599cb4d,somythl,2025-01-24,23:36:10,-08:00,2025-01-24T23:36:10-08:00,0,19
style.css,61,css,1599cb4d,somythl,2025-01-24,23:36:10,-08:00,2025-01-24T23:36:10-08:00,0,10
style.css,62,css,c0d80459,somythl,2025-01-17,23:05:31,-08:00,2025-01-17T23:05:31-08:00,0,0
style.css,63,css,c0d80459,somythl,2025-01-17,23:05:31,-08:00,2025-01-17T23:05:31-08:00,0,0
style.css,64,css,1599cb4d,somythl,2025-01-24,23:36:10,-08:00,2025-01-24T23:36:10-08:00,0,0
style.css,65,css,c0d80459,somythl,2025-01-17,23:05:31,-08:00,2025-01-17T23:05:31-08:00,0,5
style.css,66,css,c0d80459,somythl,2025-01-17,23:05:31,-08:00,2025-01-17T23:05:31-08:00,0,8
style.css,67,css,c0d80459,somythl,2025-01-17,23:05:31,-08:00,2025-01-17T23:05:31-08:00,0,7
style.css,68,css,c0d80459,somythl,2025-01-17,23:05:31,-08:00,2025-01-17T23:05:31-08:00,0,14
style.css,69,css,c0d80459,somythl,2025-01-17,23:05:31,-08:00,2025-01-17T23:05:31-08:00,0,11
style.css,70,css,c0d80459,somythl,2025-01-17,23:05:31,-08:00,2025-01-17T23:05:31-08:00,0,22
style.css,71,css,c0d80459,somythl,2025-01-17,23:05:31,-08:00,2025-01-17T23:05:31-08:00,0,19
style.css,72,css,c0d80459,somythl,2025-01-17,23:05:31,-08:00,2025-01-17T23:05:31-08:00,0,15
style.css,73,css,c0d80459,somythl,2025-01-17,23:05:31,-08:00,2025-01-17T23:05:31-08:00,0,22
style.css,74,css,c0d80459,somythl,2025-01-17,23:05:31,-08:00,2025-01-17T23:05:31-08:00,0,18
style.css,75,css,c0d80459,somythl,2025-01-17,23:05:31,-08:00,2025-01-17T23:05:31-08:00,0,13
style.css,76,css,c0d80459,somythl,2025-01-17,23:05:31,-08:00,2025-01-17T23:05:31-08:00,0,0
style.css,77,css,c0d80459,somythl,2025-01-17,23:05:31,-08:00,2025-01-17T23:05:31-08:00,0,0
style.css,78,css,c0d80459,somythl,2025-01-17,23:05:31,-08:00,2025-01-17T23:05:31-08:00,0,9
style.css,79,css,c0d80459,somythl,2025-01-17,23:05:31,-08:00,2025-01-17T23:05:31-08:00,0,16
style.css,80,css,c0d80459,somythl,2025-01-17,23:05:31,-08:00,2025-01-17T23:05:31-08:00,0,0
style.css,81,css,c0d80459,somythl,2025-01-17,23:05:31,-08:00,2025-01-17T23:05:31-08:00,0,0
style.css,82,css,c0d80459,somythl,2025-01-17,23:05:31,-08:00,2025-01-17T23:05:31-08:00,0,7
style.css,83,css,c0d80459,somythl,2025-01-17,23:05:31,-08:00,2025-01-17T23:05:31-08:00,0,25
style.css,84,css,c0d80459,somythl,2025-01-17,23:05:31,-08:00,2025-01-17T23:05:31-08:00,0,12
style.css,85,css,c0d80459,somythl,2025-01-17,23:05:31,-08:00,2025-01-17T23:05:31-08:00,0,12
style.css,86,css,c0d80459,somythl,2025-01-17,23:05:31,-08:00,2025-01-17T23:05:31-08:00,0,15
style.css,87,css,c0d80459,somythl,2025-01-17,23:05:31,-08:00,2025-01-17T23:05:31-08:00,0,21
style.css,88,css,c0d80459,somythl,2025-01-17,23:05:31,-08:00,2025-01-17T23:05:31-08:00,0,17
style.css,89,css,c0d80459,somythl,2025-01-17,23:05:31,-08:00,2025-01-17T23:05:31-08:00,0,0
style.css,90,css,c0d80459,somythl,2025-01-17,23:05:31,-08:00,2025-01-17T23:05:31-08:00,0,0
style.css,91,css,c0d80459,somythl,2025-01-17,23:05:31,-08:00,2025-01-17T23:05:31-08:00,0,13
style.css,92,css,c0d80459,somythl,2025-01-17,23:05:31,-08:00,2025-01-17T23:05:31-08:00,0,25
style.css,93,css,c0d80459,somythl,2025-01-17,23:05:31,-08:00,2025-01-17T23:05:31-08:00,0,0
style.css,94,css,c0d80459,somythl,2025-01-17,23:05:31,-08:00,2025-01-17T23:05:31-08:00,0,0
style.css,95,css,1599cb4d,somythl,2025-01-24,23:36:10,-08:00,2025-01-24T23:36:10-08:00,0,0
style.css,96,css,c0d80459,somythl,2025-01-17,23:05:31,-08:00,2025-01-17T23:05:31-08:00,0,10
style.css,97,css,c0d80459,somythl,2025-01-17,23:05:31,-08:00,2025-01-17T23:05:31-08:00,0,13
style.css,98,css,c0d80459,somythl,2025-01-17,23:05:31,-08:00,2025-01-17T23:05:31-08:00,0,59
style.css,99,css,c0d80459,somythl,2025-01-17,23:05:31,-08:00,2025-01-17T23:05:31-08:00,0,8
style.css,100,css,c0d80459,somythl,2025-01-17,23:05:31,-08:00,2025-01-17T23:05:31-08:00,0,12
style.css,101,css,c0d80459,somythl,2025-01-17,23:05:31,-08:00,2025-01-17T23:05:31-08:00,0,0
style.css,102,css,c0d80459,somythl,2025-01-17,23:05:31,-08:00,2025-01-17T23:05:31-08:00,0,0
style.css,103,css,c0d80459,somythl,2025-01-17,23:05:31,-08:00,2025-01-17T23:05:31-08:00,0,18
style.css,104,css,c0d80459,somythl,2025-01-17,23:05:31,-08:00,2025-01-17T23:05:31-08:00,0,13
style.css,105,css,c0d80459,somythl,2025-01-17,23:05:31,-08:00,2025-01-17T23:05:31-08:00,0,27
style.css,106,css,c0d80459,somythl,2025-01-17,23:05:31,-08:00,2025-01-17T23:05:31-08:00,0,16
style.css,107,css,c0d80459,somythl,2025-01-17,23:05:31,-08:00,2025-01-17T23:05:31-08:00,0,25
style.css,108,css,c0d80459,somythl,2025-01-17,23:05:31,-08:00,2025-01-17T23:05:31-08:00,0,22
style.css,109,css,c0d80459,somythl,2025-01-17,23:05:31,-08:00,2025-01-17T23:05:31-08:00,0,18
style.css,110,css,c0d80459,somythl,2025-01-17,23:05:31,-08:00,2025-01-17T23:05:31-08:00,0,12
style.css,111,css,c0d80459,somythl,2025-01-17,23:05:31,-08:00,2025-01-17T23:05:31-08:00,0,40
style.css,112,css,c0d80459,somythl,2025-01-17,23:05:31,-08:00,2025-01-17T23:05:31-08:00,0,8
style.css,113,css,c0d80459,somythl,2025-01-17,23:05:31,-08:00,2025-01-17T23:05:31-08:00,0,18
style.css,114,css,c0d80459,somythl,2025-01-17,23:05:31,-08:00,2025-01-17T23:05:31-08:00,0,0
style.css,115,css,c0d80459,somythl,2025-01-17,23:05:31,-08:00,2025-01-17T23:05:31-08:00,0,0
style.css,116,css,c0d80459,somythl,2025-01-17,23:05:31,-08:00,2025-01-17T23:05:31-08:00,0,21
style.css,117,css,c0d80459,somythl,2025-01-17,23:05:31,-08:00,2025-01-17T23:05:31-08:00,0,9
style.css,118,css,c0d80459,somythl,2025-01-17,23:05:31,-08:00,2025-01-17T23:05:31-08:00,0,17
style.css,119,css,c0d80459,somythl,2025-01-17,23:05:31,-08:00,2025-01-17T23:05:31-08:00,0,16
style.css,120,css,c0d80459,somythl,2025-01-17,23:05:31,-08:00,2025-01-17T23:05:31-08:00,0,18
style.css,121,css,c0d80459,somythl,2025-01-17,23:05:31,-08:00,2025-01-17T23:05:31-08:00,0,11
style.css,122,css,c0d80459,somythl,2025-01-17,23:05:31,-08:00,2025-01-17T23:05:31-08:00,0,0
style.css,123,css,c0d80459,somythl,2025-01-17,23:05:31,-08:00,2025-01-17T23:05:31-08:00,0,0
style.css,124,css,c0d80459,somythl,2025-01-17,23:05:31,-08:00,2025-01-17T23:05:31-08:00,0,22
style.css,125,css,c0d80459,somythl,2025-01-17,23:05:31,-08:00,2025-01-17T23:05:31-08:00,0,15
style.css,126,css,c0d80459,somythl,2025-01-17,23:05:31,-08:00,2025-01-17T23:05:31-08:00,0,12
style.css,127,css,c0d80459,somythl,2025-01-17,23:05:31,-08:00,2025-01-17T23:05:31-08:00,0,0
style.css,128,css,c0d80459,somythl,2025-01-17,23:05:31,-08:00,2025-01-17T23:05:31-08:00,0,0
style.css,129,css,c0d80459,somythl,2025-01-17,23:05:31,-08:00,2025-01-17T23:05:31-08:00,0,20
style.css,130,css,c0d80459,somythl,2025-01-17,23:05:31,-08:00,2025-01-17T23:05:31-08:00,0,9
style.css,131,css,c0d80459,somythl,2025-01-17,23:05:31,-08:00,2025-01-17T23:05:31-08:00,0,11
style.css,132,css,c0d80459,somythl,2025-01-17,23:05:31,-08:00,2025-01-17T23:05:31-08:00,0,0
style.css,133,css,c0d80459,somythl,2025-01-17,23:05:31,-08:00,2025-01-17T23:05:31-08:00,0,0
style.css,134,css,c0d80459,somythl,2025-01-17,23:05:31,-08:00,2025-01-17T23:05:31-08:00,0,23
style.css,135,css,c0d80459,somythl,2025-01-17,23:05:31,-08:00,2025-01-17T23:05:31-08:00,0,16
style.css,136,css,c0d80459,somythl,2025-01-17,23:05:31,-08:00,2025-01-17T23:05:31-08:00,0,18
style.css,137,css,c0d80459,somythl,2025-01-17,23:05:31,-08:00,2025-01-17T23:05:31-08:00,0,0
style.css,138,css,c0d80459,somythl,2025-01-17,23:05:31,-08:00,2025-01-17T23:05:31-08:00,0,0
style.css,139,css,c0d80459,somythl,2025-01-17,23:05:31,-08:00,2025-01-17T23:05:31-08:00,0,3
style.css,140,css,c0d80459,somythl,2025-01-17,23:05:31,-08:00,2025-01-17T23:05:31-08:00,0,15
style.css,141,css,c0d80459,somythl,2025-01-17,23:05:31,-08:00,2025-01-17T23:05:31-08:00,0,20
style.css,142,css,c0d80459,somythl,2025-01-17,23:05:31,-08:00,2025-01-17T23:05:31-08:00,0,0
style.css,143,css,c0d80459,somythl,2025-01-17,23:05:31,-08:00,2025-01-17T23:05:31-08:00,0,0
style.css,144,css,c0d80459,somythl,2025-01-17,23:05:31,-08:00,2025-01-17T23:05:31-08:00,0,3
style.css,145,css,c0d80459,somythl,2025-01-17,23:05:31,-08:00,2025-01-17T23:05:31-08:00,0,15
style.css,146,css,c0d80459,somythl,2025-01-17,23:05:31,-08:00,2025-01-17T23:05:31-08:00,0,20
style.css,147,css,c0d80459,somythl,2025-01-17,23:05:31,-08:00,2025-01-17T23:05:31-08:00,0,0
style.css,148,css,c0d80459,somythl,2025-01-17,23:05:31,-08:00,2025-01-17T23:05:31-08:00,0,0
style.css,149,css,c0d80459,somythl,2025-01-17,23:05:31,-08:00,2025-01-17T23:05:31-08:00,0,0
style.css,150,css,c0d80459,somythl,2025-01-17,23:05:31,-08:00,2025-01-17T23:05:31-08:00,0,25
style.css,151,css,c0d80459,somythl,2025-01-17,23:05:31,-08:00,2025-01-17T23:05:31-08:00,0,8
style.css,152,css,c0d80459,somythl,2025-01-17,23:05:31,-08:00,2025-01-17T23:05:31-08:00,0,61
style.css,153,css,c0d80459,somythl,2025-01-17,23:05:31,-08:00,2025-01-17T23:05:31-08:00,0,55
style.css,154,css,c0d80459,somythl,2025-01-17,23:05:31,-08:00,2025-01-17T23:05:31-08:00,0,41
style.css,155,css,c0d80459,somythl,2025-01-17,23:05:31,-08:00,2025-01-17T23:05:31-08:00,0,60
style.css,156,css,c0d80459,somythl,2025-01-17,23:05:31,-08:00,2025-01-17T23:05:31-08:00,0,42
style.css,157,css,c0d80459,somythl,2025-01-17,23:05:31,-08:00,2025-01-17T23:05:31-08:00,0,50
style.css,158,css,c0d80459,somythl,2025-01-17,23:05:31,-08:00,2025-01-17T23:05:31-08:00,0,49
style.css,159,css,c0d80459,somythl,2025-01-17,23:05:31,-08:00,2025-01-17T23:05:31-08:00,0,0
style.css,160,css,c0d80459,somythl,2025-01-17,23:05:31,-08:00,2025-01-17T23:05:31-08:00,0,0
style.css,161,css,c0d80459,somythl,2025-01-17,23:05:31,-08:00,2025-01-17T23:05:31-08:00,0,20
style.css,162,css,c0d80459,somythl,2025-01-17,23:05:31,-08:00,2025-01-17T23:05:31-08:00,0,18
style.css,163,css,c0d80459,somythl,2025-01-17,23:05:31,-08:00,2025-01-17T23:05:31-08:00,0,58
style.css,164,css,c0d80459,somythl,2025-01-17,23:05:31,-08:00,2025-01-17T23:05:31-08:00,0,49
style.css,165,css,c0d80459,somythl,2025-01-17,23:05:31,-08:00,2025-01-17T23:05:31-08:00,0,33
style.css,166,css,c0d80459,somythl,2025-01-17,23:05:31,-08:00,2025-01-17T23:05:31-08:00,0,74
style.css,167,css,c0d80459,somythl,2025-01-17,23:05:31,-08:00,2025-01-17T23:05:31-08:00,0,51
style.css,168,css,c0d80459,somythl,2025-01-17,23:05:31,-08:00,2025-01-17T23:05:31-08:00,0,0
style.css,169,css,c0d80459,somythl,2025-01-17,23:05:31,-08:00,2025-01-17T23:05:31-08:00,0,0
style.css,170,css,c0d80459,somythl,2025-01-17,23:05:31,-08:00,2025-01-17T23:05:31-08:00,0,43
style.css,171,css,c0d80459,somythl,2025-01-17,23:05:31,-08:00,2025-01-17T23:05:31-08:00,0,26
style.css,172,css,c0d80459,somythl,2025-01-17,23:05:31,-08:00,2025-01-17T23:05:31-08:00,0,56
style.css,173,css,c0d80459,somythl,2025-01-17,23:05:31,-08:00,2025-01-17T23:05:31-08:00,0,20
style.css,174,css,c0d80459,somythl,2025-01-17,23:05:31,-08:00,2025-01-17T23:05:31-08:00,0,11
style.css,175,css,c0d80459,somythl,2025-01-17,23:05:31,-08:00,2025-01-17T23:05:31-08:00,0,0
style.css,176,css,c0d80459,somythl,2025-01-17,23:05:31,-08:00,2025-01-17T23:05:31-08:00,0,0
style.css,177,css,c0d80459,somythl,2025-01-17,23:05:31,-08:00,2025-01-17T23:05:31-08:00,0,27
style.css,178,css,c0d80459,somythl,2025-01-17,23:05:31,-08:00,2025-01-17T23:05:31-08:00,0,10
style.css,179,css,c0d80459,somythl,2025-01-17,23:05:31,-08:00,2025-01-17T23:05:31-08:00,0,42
style.css,180,css,c0d80459,somythl,2025-01-17,23:05:31,-08:00,2025-01-17T23:05:31-08:00,0,35
style.css,181,css,c0d80459,somythl,2025-01-17,23:05:31,-08:00,2025-01-17T23:05:31-08:00,0,16
style.css,182,css,c0d80459,somythl,2025-01-17,23:05:31,-08:00,2025-01-17T23:05:31-08:00,0,0
style.css,183,css,c0d80459,somythl,2025-01-17,23:05:31,-08:00,2025-01-17T23:05:31-08:00,0,0
style.css,184,css,c0d80459,somythl,2025-01-17,23:05:31,-08:00,2025-01-17T23:05:31-08:00,0,10
style.css,185,css,c0d80459,somythl,2025-01-17,23:05:31,-08:00,2025-01-17T23:05:31-08:00,0,11
style.css,186,css,c0d80459,somythl,2025-01-17,23:05:31,-08:00,2025-01-17T23:05:31-08:00,0,21
style.css,187,css,c0d80459,somythl,2025-01-17,23:05:31,-08:00,2025-01-17T23:05:31-08:00,0,19
style.css,188,css,c0d80459,somythl,2025-01-17,23:05:31,-08:00,2025-01-17T23:05:31-08:00,0,15
style.css,189,css,c0d80459,somythl,2025-01-17,23:05:31,-08:00,2025-01-17T23:05:31-08:00,0,0
style.css,190,css,c0d80459,somythl,2025-01-17,23:05:31,-08:00,2025-01-17T23:05:31-08:00,0,0
style.css,191,css,c0d80459,somythl,2025-01-17,23:05:31,-08:00,2025-01-17T23:05:31-08:00,0,14
style.css,192,css,c0d80459,somythl,2025-01-17,23:05:31,-08:00,2025-01-17T23:05:31-08:00,0,51
style.css,193,css,c0d80459,somythl,2025-01-17,23:05:31,-08:00,2025-01-17T23:05:31-08:00,0,0
style.css,194,css,c0d80459,somythl,2025-01-17,23:05:31,-08:00,2025-01-17T23:05:31-08:00,0,0
style.css,195,css,c0d80459,somythl,2025-01-17,23:05:31,-08:00,2025-01-17T23:05:31-08:00,0,22
style.css,196,css,c0d80459,somythl,2025-01-17,23:05:31,-08:00,2025-01-17T23:05:31-08:00,0,10
style.css,197,css,c0d80459,somythl,2025-01-17,23:05:31,-08:00,2025-01-17T23:05:31-08:00,0,14
style.css,198,css,c0d80459,somythl,2025-01-17,23:05:31,-08:00,2025-01-17T23:05:31-08:00,0,21
style.css,199,css,c0d80459,somythl,2025-01-17,23:05:31,-08:00,2025-01-17T23:05:31-08:00,0,27
style.css,200,css,c0d80459,somythl,2025-01-17,23:05:31,-08:00,2025-01-17T23:05:31-08:00,0,0
style.css,201,css,c0d80459,somythl,2025-01-17,23:05:31,-08:00,2025-01-17T23:05:31-08:00,0,0
style.css,202,css,c0d80459,somythl,2025-01-17,23:05:31,-08:00,2025-01-17T23:05:31-08:00,0,16
style.css,203,css,c0d80459,somythl,2025-01-17,23:05:31,-08:00,2025-01-17T23:05:31-08:00,0,14
style.css,204,css,c0d80459,somythl,2025-01-17,23:05:31,-08:00,2025-01-17T23:05:31-08:00,0,0
style.css,205,css,1599cb4d,somythl,2025-01-24,23:36:10,-08:00,2025-01-24T23:36:10-08:00,0,0
style.css,206,css,1599cb4d,somythl,2025-01-24,23:36:10,-08:00,2025-01-24T23:36:10-08:00,0,20
style.css,207,css,1599cb4d,somythl,2025-01-24,23:36:10,-08:00,2025-01-24T23:36:10-08:00,0,24
style.css,208,css,1599cb4d,somythl,2025-01-24,23:36:10,-08:00,2025-01-24T23:36:10-08:00,0,0
style.css,209,css,1599cb4d,somythl,2025-01-24,23:36:10,-08:00,2025-01-24T23:36:10-08:00,0,0
style.css,210,css,1599cb4d,somythl,2025-01-24,23:36:10,-08:00,2025-01-24T23:36:10-08:00,0,0
style.css,211,css,1599cb4d,somythl,2025-01-24,23:36:10,-08:00,2025-01-24T23:36:10-08:00,0,4
style.css,212,css,1599cb4d,somythl,2025-01-24,23:36:10,-08:00,2025-01-24T23:36:10-08:00,0,69
style.css,213,css,1599cb4d,somythl,2025-01-24,23:36:10,-08:00,2025-01-24T23:36:10-08:00,0,44
style.css,214,css,1599cb4d,somythl,2025-01-24,23:36:10,-08:00,2025-01-24T23:36:10-08:00,0,0
style.css,215,css,1599cb4d,somythl,2025-01-24,23:36:10,-08:00,2025-01-24T23:36:10-08:00,0,0
style.css,216,css,1599cb4d,somythl,2025-01-24,23:36:10,-08:00,2025-01-24T23:36:10-08:00,0,25
style.css,217,css,1599cb4d,somythl,2025-01-24,23:36:10,-08:00,2025-01-24T23:36:10-08:00,0,14
style.css,218,css,1599cb4d,somythl,2025-01-24,23:36:10,-08:00,2025-01-24T23:36:10-08:00,0,55
style.css,219,css,1599cb4d,somythl,2025-01-24,23:36:10,-08:00,2025-01-24T23:36:10-08:00,0,37
style.css,220,css,1599cb4d,somythl,2025-01-24,23:36:10,-08:00,2025-01-24T23:36:10-08:00,0,41
style.css,221,css,1599cb4d,somythl,2025-01-24,23:36:10,-08:00,2025-01-24T23:36:10-08:00,0,38
style.css,222,css,1599cb4d,somythl,2025-01-24,23:36:10,-08:00,2025-01-24T23:36:10-08:00,0,53
style.css,223,css,1599cb4d,somythl,2025-01-24,23:36:10,-08:00,2025-01-24T23:36:10-08:00,0,0
style.css,224,css,1599cb4d,somythl,2025-01-24,23:36:10,-08:00,2025-01-24T23:36:10-08:00,0,0
style.css,225,css,1599cb4d,somythl,2025-01-24,23:36:10,-08:00,2025-01-24T23:36:10-08:00,0,21
style.css,226,css,1599cb4d,somythl,2025-01-24,23:36:10,-08:00,2025-01-24T23:36:10-08:00,0,46
style.css,227,css,1599cb4d,somythl,2025-01-24,23:36:10,-08:00,2025-01-24T23:36:10-08:00,0,64
style.css,228,css,1599cb4d,somythl,2025-01-24,23:36:10,-08:00,2025-01-24T23:36:10-08:00,0,23
style.css,229,css,1599cb4d,somythl,2025-01-24,23:36:10,-08:00,2025-01-24T23:36:10-08:00,0,42
style.css,230,css,1599cb4d,somythl,2025-01-24,23:36:10,-08:00,2025-01-24T23:36:10-08:00,0,40
style.css,231,css,1599cb4d,somythl,2025-01-24,23:36:10,-08:00,2025-01-24T23:36:10-08:00,0,39
style.css,232,css,1599cb4d,somythl,2025-01-24,23:36:10,-08:00,2025-01-24T23:36:10-08:00,0,0
style.css,233,css,dd888e77,somythl,2025-01-30,22:27:51,-08:00,2025-01-30T22:27:51-08:00,0,0
style.css,234,css,dd888e77,somythl,2025-01-30,22:27:51,-08:00,2025-01-30T22:27:51-08:00,0,19
style.css,235,css,dd888e77,somythl,2025-01-30,22:27:51,-08:00,2025-01-30T22:27:51-08:00,0,55
style.css,236,css,dd888e77,somythl,2025-01-30,22:27:51,-08:00,2025-01-30T22:27:51-08:00,0,48
style.css,237,css,dd888e77,somythl,2025-01-30,22:27:51,-08:00,2025-01-30T22:27:51-08:00,0,45
style.css,238,css,dd888e77,somythl,2025-01-30,22:27:51,-08:00,2025-01-30T22:27:51-08:00,0,59
style.css,239,css,dd888e77,somythl,2025-01-30,22:27:51,-08:00,2025-01-30T22:27:51-08:00,0,63
style.css,240,css,dd888e77,somythl,2025-01-30,22:27:51,-08:00,2025-01-30T22:27:51-08:00,0,47
style.css,241,css,dd888e77,somythl,2025-01-30,22:27:51,-08:00,2025-01-30T22:27:51-08:00,0,15
style.css,242,css,dd888e77,somythl,2025-01-30,22:27:51,-08:00,2025-01-30T22:27:51-08:00,0,0
style.css,243,css,dd888e77,somythl,2025-01-30,22:27:51,-08:00,2025-01-30T22:27:51-08:00,0,0
style.css,244,css,dd888e77,somythl,2025-01-30,22:27:51,-08:00,2025-01-30T22:27:51-08:00,0,28
style.css,245,css,dd888e77,somythl,2025-01-30,22:27:51,-08:00,2025-01-30T22:27:51-08:00,0,15
style.css,246,css,dd888e77,somythl,2025-01-30,22:27:51,-08:00,2025-01-30T22:27:51-08:00,0,37
style.css,247,css,dd888e77,somythl,2025-01-30,22:27:51,-08:00,2025-01-30T22:27:51-08:00,0,12
style.css,248,css,dd888e77,somythl,2025-01-30,22:27:51,-08:00,2025-01-30T22:27:51-08:00,0,55
style.css,249,css,dd888e77,somythl,2025-01-30,22:27:51,-08:00,2025-01-30T22:27:51-08:00,0,0
style.css,250,css,dd888e77,somythl,2025-01-30,22:27:51,-08:00,2025-01-30T22:27:51-08:00,0,0
style.css,251,css,dd888e77,somythl,2025-01-30,22:27:51,-08:00,2025-01-30T22:27:51-08:00,0,27
style.css,252,css,dd888e77,somythl,2025-01-30,22:27:51,-08:00,2025-01-30T22:27:51-08:00,0,15
style.css,253,css,abd0f6a8,somythl,2025-02-07,20:33:02,-08:00,2025-02-07T20:33:02-08:00,0,19
style.css,254,css,dd888e77,somythl,2025-01-30,22:27:51,-08:00,2025-01-30T22:27:51-08:00,0,13
style.css,255,css,dd888e77,somythl,2025-01-30,22:27:51,-08:00,2025-01-30T22:27:51-08:00,0,18
style.css,256,css,dd888e77,somythl,2025-01-30,22:27:51,-08:00,2025-01-30T22:27:51-08:00,0,45
style.css,257,css,dd888e77,somythl,2025-01-30,22:27:51,-08:00,2025-01-30T22:27:51-08:00,0,70
style.css,258,css,dd888e77,somythl,2025-01-30,22:27:51,-08:00,2025-01-30T22:27:51-08:00,0,0
style.css,259,css,dd888e77,somythl,2025-01-30,22:27:51,-08:00,2025-01-30T22:27:51-08:00,0,0
style.css,260,css,dd888e77,somythl,2025-01-30,22:27:51,-08:00,2025-01-30T22:27:51-08:00,0,33
style.css,261,css,dd888e77,somythl,2025-01-30,22:27:51,-08:00,2025-01-30T22:27:51-08:00,0,14
style.css,262,css,dd888e77,somythl,2025-01-30,22:27:51,-08:00,2025-01-30T22:27:51-08:00,0,13
style.css,263,css,dd888e77,somythl,2025-01-30,22:27:51,-08:00,2025-01-30T22:27:51-08:00,0,54
style.css,264,css,dd888e77,somythl,2025-01-30,22:27:51,-08:00,2025-01-30T22:27:51-08:00,0,9
style.css,265,css,dd888e77,somythl,2025-01-30,22:27:51,-08:00,2025-01-30T22:27:51-08:00,0,0
style.css,266,css,dd888e77,somythl,2025-01-30,22:27:51,-08:00,2025-01-30T22:27:51-08:00,0,0
style.css,267,css,dd888e77,somythl,2025-01-30,22:27:51,-08:00,2025-01-30T22:27:51-08:00,0,18
style.css,268,css,dd888e77,somythl,2025-01-30,22:27:51,-08:00,2025-01-30T22:27:51-08:00,0,17
style.css,269,css,dd888e77,somythl,2025-01-30,22:27:51,-08:00,2025-01-30T22:27:51-08:00,0,17
style.css,270,css,dd888e77,somythl,2025-01-30,22:27:51,-08:00,2025-01-30T22:27:51-08:00,0,11
style.css,271,css,dd888e77,somythl,2025-01-30,22:27:51,-08:00,2025-01-30T22:27:51-08:00,0,0
style.css,272,css,dd888e77,somythl,2025-01-30,22:27:51,-08:00,2025-01-30T22:27:51-08:00,0,0
style.css,273,css,dd888e77,somythl,2025-01-30,22:27:51,-08:00,2025-01-30T22:27:51-08:00,0,18
style.css,274,css,dd888e77,somythl,2025-01-30,22:27:51,-08:00,2025-01-30T22:27:51-08:00,0,17
style.css,275,css,dd888e77,somythl,2025-01-30,22:27:51,-08:00,2025-01-30T22:27:51-08:00,0,9
style.css,276,css,dd888e77,somythl,2025-01-30,22:27:51,-08:00,2025-01-30T22:27:51-08:00,0,14
style.css,277,css,dd888e77,somythl,2025-01-30,22:27:51,-08:00,2025-01-30T22:27:51-08:00,0,11
style.css,278,css,dd888e77,somythl,2025-01-30,22:27:51,-08:00,2025-01-30T22:27:51-08:00,0,0
style.css,279,css,dd888e77,somythl,2025-01-30,22:27:51,-08:00,2025-01-30T22:27:51-08:00,0,0
style.css,280,css,dd888e77,somythl,2025-01-30,22:27:51,-08:00,2025-01-30T22:27:51-08:00,0,18
style.css,281,css,dd888e77,somythl,2025-01-30,22:27:51,-08:00,2025-01-30T22:27:51-08:00,0,58
style.css,282,css,dd888e77,somythl,2025-01-30,22:27:51,-08:00,2025-01-30T22:27:51-08:00,0,17
style.css,283,css,dd888e77,somythl,2025-01-30,22:27:51,-08:00,2025-01-30T22:27:51-08:00,0,0
style.css,284,css,dd888e77,somythl,2025-01-30,22:27:51,-08:00,2025-01-30T22:27:51-08:00,0,0
style.css,285,css,abd0f6a8,somythl,2025-02-07,20:33:02,-08:00,2025-02-07T20:33:02-08:00,0,14
style.css,286,css,abd0f6a8,somythl,2025-02-07,20:33:02,-08:00,2025-02-07T20:33:02-08:00,0,13
style.css,287,css,abd0f6a8,somythl,2025-02-07,20:33:02,-08:00,2025-02-07T20:33:02-08:00,0,22
style.css,288,css,abd0f6a8,somythl,2025-02-07,20:33:02,-08:00,2025-02-07T20:33:02-08:00,0,8
style.css,289,css,abd0f6a8,somythl,2025-02-07,20:33:02,-08:00,2025-02-07T20:33:02-08:00,0,0
style.css,290,css,abd0f6a8,somythl,2025-02-07,20:33:02,-08:00,2025-02-07T20:33:02-08:00,0,0
style.css,291,css,abd0f6a8,somythl,2025-02-07,20:33:02,-08:00,2025-02-07T20:33:02-08:00,0,14
style.css,292,css,abd0f6a8,somythl,2025-02-07,20:33:02,-08:00,2025-02-07T20:33:02-08:00,0,60
style.css,293,css,abd0f6a8,somythl,2025-02-07,20:33:02,-08:00,2025-02-07T20:33:02-08:00,0,60
style.css,294,css,abd0f6a8,somythl,2025-02-07,20:33:02,-08:00,2025-02-07T20:33:02-08:00,0,49
style.css,295,css,abd0f6a8,somythl,2025-02-07,20:33:02,-08:00,2025-02-07T20:33:02-08:00,0,38
style.css,296,css,abd0f6a8,somythl,2025-02-07,20:33:02,-08:00,2025-02-07T20:33:02-08:00,0,0
style.css,297,css,abd0f6a8,somythl,2025-02-07,20:33:02,-08:00,2025-02-07T20:33:02-08:00,0,0
style.css,298,css,abd0f6a8,somythl,2025-02-07,20:33:02,-08:00,2025-02-07T20:33:02-08:00,0,11
style.css,299,css,abd0f6a8,somythl,2025-02-07,20:33:02,-08:00,2025-02-07T20:33:02-08:00,0,31
style.css,300,css,abd0f6a8,somythl,2025-02-07,20:33:02,-08:00,2025-02-07T20:33:02-08:00,0,48
style.css,301,css,abd0f6a8,somythl,2025-02-07,20:33:02,-08:00,2025-02-07T20:33:02-08:00,0,49
style.css,302,css,abd0f6a8,somythl,2025-02-07,20:33:02,-08:00,2025-02-07T20:33:02-08:00,0,46
style.css,303,css,abd0f6a8,somythl,2025-02-07,20:33:02,-08:00,2025-02-07T20:33:02-08:00,0,66
style.css,304,css,abd0f6a8,somythl,2025-02-07,20:33:02,-08:00,2025-02-07T20:33:02-08:00,0,48
style.css,305,css,abd0f6a8,somythl,2025-02-07,20:33:02,-08:00,2025-02-07T20:33:02-08:00,0,0
style.css,306,css,abd0f6a8,somythl,2025-02-07,20:33:02,-08:00,2025-02-07T20:33:02-08:00,0,0
style.css,307,css,abd0f6a8,somythl,2025-02-07,20:33:02,-08:00,2025-02-07T20:33:02-08:00,0,24
style.css,308,css,abd0f6a8,somythl,2025-02-07,20:33:02,-08:00,2025-02-07T20:33:02-08:00,0,15
style.css,309,css,abd0f6a8,somythl,2025-02-07,20:33:02,-08:00,2025-02-07T20:33:02-08:00,0,58
style.css,310,css,abd0f6a8,somythl,2025-02-07,20:33:02,-08:00,2025-02-07T20:33:02-08:00,0,58
style.css,311,css,abd0f6a8,somythl,2025-02-07,20:33:02,-08:00,2025-02-07T20:33:02-08:00,0,60
style.css,312,css,abd0f6a8,somythl,2025-02-07,20:33:02,-08:00,2025-02-07T20:33:02-08:00,0,0
style.css,313,css,abd0f6a8,somythl,2025-02-07,20:33:02,-08:00,2025-02-07T20:33:02-08:00,0,0
style.css,314,css,abd0f6a8,somythl,2025-02-07,20:33:02,-08:00,2025-02-07T20:33:02-08:00,0,25
style.css,315,css,abd0f6a8,somythl,2025-02-07,20:33:02,-08:00,2025-02-07T20:33:02-08:00,0,8
style.css,316,css,abd0f6a8,somythl,2025-02-07,20:33:02,-08:00,2025-02-07T20:33:02-08:00,0,54
style.css,317,css,abd0f6a8,somythl,2025-02-07,20:33:02,-08:00,2025-02-07T20:33:02-08:00,0,13
style.css,318,css,abd0f6a8,somythl,2025-02-07,20:33:02,-08:00,2025-02-07T20:33:02-08:00,0,24
style.css,319,css,abd0f6a8,somythl,2025-02-07,20:33:02,-08:00,2025-02-07T20:33:02-08:00,0,82
style.css,320,css,abd0f6a8,somythl,2025-02-07,20:33:02,-08:00,2025-02-07T20:33:02-08:00,0,9
style.css,321,css,abd0f6a8,somythl,2025-02-07,20:33:02,-08:00,2025-02-07T20:33:02-08:00,0,22
style.css,322,css,abd0f6a8,somythl,2025-02-07,20:33:02,-08:00,2025-02-07T20:33:02-08:00,0,13
style.css,323,css,abd0f6a8,somythl,2025-02-07,20:33:02,-08:00,2025-02-07T20:33:02-08:00,0,15
style.css,324,css,abd0f6a8,somythl,2025-02-07,20:33:02,-08:00,2025-02-07T20:33:02-08:00,0,18
style.css,325,css,abd0f6a8,somythl,2025-02-07,20:33:02,-08:00,2025-02-07T20:33:02-08:00,0,25
style.css,326,css,abd0f6a8,somythl,2025-02-07,20:33:02,-08:00,2025-02-07T20:33:02-08:00,0,0
style.css,327,css,abd0f6a8,somythl,2025-02-07,20:33:02,-08:00,2025-02-07T20:33:02-08:00,0,0
style.css,328,css,abd0f6a8,somythl,2025-02-07,20:33:02,-08:00,2025-02-07T20:33:02-08:00,0,11
style.css,329,css,abd0f6a8,somythl,2025-02-07,20:33:02,-08:00,2025-02-07T20:33:02-08:00,0,13
style.css,330,css,abd0f6a8,somythl,2025-02-07,20:33:02,-08:00,2025-02-07T20:33:02-08:00,0,24
style.css,331,css,abd0f6a8,somythl,2025-02-07,20:33:02,-08:00,2025-02-07T20:33:02-08:00,0,19
style.css,332,css,abd0f6a8,somythl,2025-02-07,20:33:02,-08:00,2025-02-07T20:33:02-08:00,0,8
style.css,333,css,abd0f6a8,somythl,2025-02-07,20:33:02,-08:00,2025-02-07T20:33:02-08:00,0,15
style.css,334,css,abd0f6a8,somythl,2025-02-07,20:33:02,-08:00,2025-02-07T20:33:02-08:00,0,14
style.css,335,css,abd0f6a8,somythl,2025-02-07,20:33:02,-08:00,2025-02-07T20:33:02-08:00,0,0
style.css,336,css,abd0f6a8,somythl,2025-02-07,20:33:02,-08:00,2025-02-07T20:33:02-08:00,0,0
style.css,337,css,abd0f6a8,somythl,2025-02-07,20:33:02,-08:00,2025-02-07T20:33:02-08:00,0,16
style.css,338,css,abd0f6a8,somythl,2025-02-07,20:33:02,-08:00,2025-02-07T20:33:02-08:00,0,65
style.css,339,css,abd0f6a8,somythl,2025-02-07,20:33:02,-08:00,2025-02-07T20:33:02-08:00,0,0
style.css,340,css,abd0f6a8,somythl,2025-02-07,20:33:02,-08:00,2025-02-07T20:33:02-08:00,0,0
style.css,341,css,abd0f6a8,somythl,2025-02-07,20:33:02,-08:00,2025-02-07T20:33:02-08:00,0,19
style.css,342,css,abd0f6a8,somythl,2025-02-07,20:33:02,-08:00,2025-02-07T20:33:02-08:00,0,11
style.css,343,css,abd0f6a8,somythl,2025-02-07,20:33:02,-08:00,2025-02-07T20:33:02-08:00,0,0
style.css,344,css,abd0f6a8,somythl,2025-02-07,20:33:02,-08:00,2025-02-07T20:33:02-08:00,0,0
style.css,345,css,abd0f6a8,somythl,2025-02-07,20:33:02,-08:00,2025-02-07T20:33:02-08:00,0,16
style.css,346,css,abd0f6a8,somythl,2025-02-07,20:33:02,-08:00,2025-02-07T20:33:02-08:00,0,11
style.css,347,css,abd0f6a8,somythl,2025-02-07,20:33:02,-08:00,2025-02-07T20:33:02-08:00,0,12
style.css,348,css,abd0f6a8,somythl,2025-02-07,20:33:02,-08:00,2025-02-07T20:33:02-08:00,0,21
style.css,349,css,abd0f6a8,somythl,2025-02-07,20:33:02,-08:00,2025-02-07T20:33:02-08:00,0,30
style.css,350,css,abd0f6a8,somythl,2025-02-07,20:33:02,-08:00,2025-02-07T20:33:02-08:00,0,18
style.css,351,css,abd0f6a8,somythl,2025-02-07,20:33:02,-08:00,2025-02-07T20:33:02-08:00,0,35
style.css,352,css,abd0f6a8,somythl,2025-02-07,20:33:02,-08:00,2025-02-07T20:33:02-08:00,0,0
style.css,353,css,abd0f6a8,somythl,2025-02-07,20:33:02,-08:00,2025-02-07T20:33:02-08:00,0,0
style.css,354,css,abd0f6a8,somythl,2025-02-07,20:33:02,-08:00,2025-02-07T20:33:02-08:00,0,38
style.css,355,css,abd0f6a8,somythl,2025-02-07,20:33:02,-08:00,2025-02-07T20:33:02-08:00,0,5
style.css,356,css,abd0f6a8,somythl,2025-02-07,20:33:02,-08:00,2025-02-07T20:33:02-08:00,0,15
style.css,357,css,abd0f6a8,somythl,2025-02-07,20:33:02,-08:00,2025-02-07T20:33:02-08:00,0,0
style.css,358,css,abd0f6a8,somythl,2025-02-07,20:33:02,-08:00,2025-02-07T20:33:02-08:00,0,0
style.css,359,css,abd0f6a8,somythl,2025-02-07,20:33:02,-08:00,2025-02-07T20:33:02-08:00,0,73
style.css,360,css,abd0f6a8,somythl,2025-02-07,20:33:02,-08:00,2025-02-07T20:33:02-08:00,0,52
style.css,361,css,abd0f6a8,somythl,2025-02-07,20:33:02,-08:00,2025-02-07T20:33:02-08:00,0,12
style.css,362,css,abd0f6a8,somythl,2025-02-07,20:33:02,-08:00,2025-02-07T20:33:02-08:00,0,0
style.css,363,css,abd0f6a8,somythl,2025-02-07,20:33:02,-08:00,2025-02-07T20:33:02-08:00,0,0
style.css,364,css,abd0f6a8,somythl,2025-02-07,20:33:02,-08:00,2025-02-07T20:33:02-08:00,0,42
style.css,365,css,abd0f6a8,somythl,2025-02-07,20:33:02,-08:00,2025-02-07T20:33:02-08:00,0,10
style.css,366,css,abd0f6a8,somythl,2025-02-07,20:33:02,-08:00,2025-02-07T20:33:02-08:00,0,36
style.css,367,css,abd0f6a8,somythl,2025-02-07,20:33:02,-08:00,2025-02-07T20:33:02-08:00,0,0
style.css,368,css,abd0f6a8,somythl,2025-02-07,20:33:02,-08:00,2025-02-07T20:33:02-08:00,0,0
style.css,369,css,abd0f6a8,somythl,2025-02-07,20:33:02,-08:00,2025-02-07T20:33:02-08:00,0,48
style.css,370,css,abd0f6a8,somythl,2025-02-07,20:33:02,-08:00,2025-02-07T20:33:02-08:00,0,19
style.css,371,css,abd0f6a8,somythl,2025-02-07,20:33:02,-08:00,2025-02-07T20:33:02-08:00,0,18
style.css,372,css,abd0f6a8,somythl,2025-02-07,20:33:02,-08:00,2025-02-07T20:33:02-08:00,0,0
style.css,373,css,abd0f6a8,somythl,2025-02-07,20:33:02,-08:00,2025-02-07T20:33:02-08:00,0,0
index.js,1,js,dd888e77,somythl,2025-01-30,22:27:51,-08:00,2025-01-30T22:27:51-08:00,0,95
index.js,2,js,dd888e77,somythl,2025-01-30,22:27:51,-08:00,2025-01-30T22:27:51-08:00,0,0
index.js,3,js,dd888e77,somythl,2025-01-30,22:27:51,-08:00,2025-01-30T22:27:51-08:00,0,58
index.js,4,js,dd888e77,somythl,2025-01-30,22:27:51,-08:00,2025-01-30T22:27:51-08:00,0,4
index.js,5,js,dd888e77,somythl,2025-01-30,22:27:51,-08:00,2025-01-30T22:27:51-08:00,0,26
index.js,6,js,dd888e77,somythl,2025-01-30,22:27:51,-08:00,2025-01-30T22:27:51-08:00,0,55
index.js,7,js,dd888e77,somythl,2025-01-30,22:27:51,-08:00,2025-01-30T22:27:51-08:00,0,0
index.js,8,js,dd888e77,somythl,2025-01-30,22:27:51,-08:00,2025-01-30T22:27:51-08:00,0,36
index.js,9,js,dd888e77,somythl,2025-01-30,22:27:51,-08:00,2025-01-30T22:27:51-08:00,0,43
index.js,10,js,dd888e77,somythl,2025-01-30,22:27:51,-08:00,2025-01-30T22:27:51-08:00,0,0
index.js,11,js,dd888e77,somythl,2025-01-30,22:27:51,-08:00,2025-01-30T22:27:51-08:00,0,48
index.js,12,js,dd888e77,somythl,2025-01-30,22:27:51,-08:00,2025-01-30T22:27:51-08:00,0,61
index.js,13,js,dd888e77,somythl,2025-01-30,22:27:51,-08:00,2025-01-30T22:27:51-08:00,0,0
index.js,14,js,dd888e77,somythl,2025-01-30,22:27:51,-08:00,2025-01-30T22:27:51-08:00,0,48
index.js,15,js,dd888e77,somythl,2025-01-30,22:27:51,-08:00,2025-01-30T22:27:51-08:00,0,24
index.js,16,js,dd888e77,somythl,2025-01-30,22:27:51,-08:00,2025-01-30T22:27:51-08:00,0,118
index.js,17,js,dd888e77,somythl,2025-01-30,22:27:51,-08:00,2025-01-30T22:27:51-08:00,0,6
index.js,18,js,dd888e77,somythl,2025-01-30,22:27:51,-08:00,2025-01-30T22:27:51-08:00,0,0
index.js,19,js,dd888e77,somythl,2025-01-30,22:27:51,-08:00,2025-01-30T22:27:51-08:00,0,0
index.js,20,js,dd888e77,somythl,2025-01-30,22:27:51,-08:00,2025-01-30T22:27:51-08:00,0,36
index.js,21,js,dd888e77,somythl,2025-01-30,22:27:51,-08:00,2025-01-30T22:27:51-08:00,0,55
index.js,22,js,dd888e77,somythl,2025-01-30,22:27:51,-08:00,2025-01-30T22:27:51-08:00,0,0
index.js,23,js,dd888e77,somythl,2025-01-30,22:27:51,-08:00,2025-01-30T22:27:51-08:00,0,16
index.js,24,js,dd888e77,somythl,2025-01-30,22:27:51,-08:00,2025-01-30T22:27:51-08:00,0,78
index.js,25,js,dd888e77,somythl,2025-01-30,22:27:51,-08:00,2025-01-30T22:27:51-08:00,0,0
index.js,26,js,dd888e77,somythl,2025-01-30,22:27:51,-08:00,2025-01-30T22:27:51-08:00,0,0
index.js,27,js,dd888e77,somythl,2025-01-30,22:27:51,-08:00,2025-01-30T22:27:51-08:00,0,34
index.js,28,js,dd888e77,somythl,2025-01-30,22:27:51,-08:00,2025-01-30T22:27:51-08:00,0,4
index.js,29,js,dd888e77,somythl,2025-01-30,22:27:51,-08:00,2025-01-30T22:27:51-08:00,0,81
index.js,30,js,dd888e77,somythl,2025-01-30,22:27:51,-08:00,2025-01-30T22:27:51-08:00,0,0
index.js,31,js,dd888e77,somythl,2025-01-30,22:27:51,-08:00,2025-01-30T22:27:51-08:00,0,41
index.js,32,js,dd888e77,somythl,2025-01-30,22:27:51,-08:00,2025-01-30T22:27:51-08:00,0,61
index.js,33,js,dd888e77,somythl,2025-01-30,22:27:51,-08:00,2025-01-30T22:27:51-08:00,0,0
index.js,34,js,dd888e77,somythl,2025-01-30,22:27:51,-08:00,2025-01-30T22:27:51-08:00,0,19
index.js,35,js,dd888e77,somythl,2025-01-30,22:27:51,-08:00,2025-01-30T22:27:51-08:00,0,128
index.js,36,js,dd888e77,somythl,2025-01-30,22:27:51,-08:00,2025-01-30T22:27:51-08:00,0,6
index.js,37,js,dd888e77,somythl,2025-01-30,22:27:51,-08:00,2025-01-30T22:27:51-08:00,0,0
index.js,38,js,dd888e77,somythl,2025-01-30,22:27:51,-08:00,2025-01-30T22:27:51-08:00,0,0
index.js,39,js,dd888e77,somythl,2025-01-30,22:27:51,-08:00,2025-01-30T22:27:51-08:00,0,56
index.js,40,js,dd888e77,somythl,2025-01-30,22:27:51,-08:00,2025-01-30T22:27:51-08:00,0,72
index.js,41,js,dd888e77,somythl,2025-01-30,22:27:51,-08:00,2025-01-30T22:27:51-08:00,0,0
index.js,42,js,dd888e77,somythl,2025-01-30,22:27:51,-08:00,2025-01-30T22:27:51-08:00,0,67
index.js,43,js,dd888e77,somythl,2025-01-30,22:27:51,-08:00,2025-01-30T22:27:51-08:00,0,25
index.js,44,js,dd888e77,somythl,2025-01-30,22:27:51,-08:00,2025-01-30T22:27:51-08:00,0,50
index.js,45,js,dd888e77,somythl,2025-01-30,22:27:51,-08:00,2025-01-30T22:27:51-08:00,0,56
index.js,46,js,dd888e77,somythl,2025-01-30,22:27:51,-08:00,2025-01-30T22:27:51-08:00,0,44
index.js,47,js,dd888e77,somythl,2025-01-30,22:27:51,-08:00,2025-01-30T22:27:51-08:00,0,0
index.js,48,js,dd888e77,somythl,2025-01-30,22:27:51,-08:00,2025-01-30T22:27:51-08:00,0,0
index.js,49,js,dd888e77,somythl,2025-01-30,22:27:51,-08:00,2025-01-30T22:27:51-08:00,0,16
index.js,50,js,dd888e77,somythl,2025-01-30,22:27:51,-08:00,2025-01-30T22:27:51-08:00,0,31
index.js,51,js,dd888e77,somythl,2025-01-30,22:27:51,-08:00,2025-01-30T22:27:51-08:00,0,24
index.js,52,js,dd888e77,somythl,2025-01-30,22:27:51,-08:00,2025-01-30T22:27:51-08:00,0,56
index.js,53,js,dd888e77,somythl,2025-01-30,22:27:51,-08:00,2025-01-30T22:27:51-08:00,0,56
index.js,54,js,dd888e77,somythl,2025-01-30,22:27:51,-08:00,2025-01-30T22:27:51-08:00,0,50
index.js,55,js,dd888e77,somythl,2025-01-30,22:27:51,-08:00,2025-01-30T22:27:51-08:00,0,50
index.js,56,js,dd888e77,somythl,2025-01-30,22:27:51,-08:00,2025-01-30T22:27:51-08:00,0,4
index.js,57,js,dd888e77,somythl,2025-01-30,22:27:51,-08:00,2025-01-30T22:27:51-08:00,0,1
index.js,58,js,dd888e77,somythl,2025-01-30,22:27:51,-08:00,2025-01-30T22:27:51-08:00,0,7
index.js,59,js,dd888e77,somythl,2025-01-30,22:27:51,-08:00,2025-01-30T22:27:51-08:00,0,70
index.js,60,js,dd888e77,somythl,2025-01-30,22:27:51,-08:00,2025-01-30T22:27:51-08:00,0,0
index.js,61,js,dd888e77,somythl,2025-01-30,22:27:51,-08:00,2025-01-30T22:27:51-08:00,0,0
index.js,62,js,dd888e77,somythl,2025-01-30,22:27:51,-08:00,2025-01-30T22:27:51-08:00,0,16
index.js,63,js,dd888e77,somythl,2025-01-30,22:27:51,-08:00,2025-01-30T22:27:51-08:00,0,53
index.js,64,js,dd888e77,somythl,2025-01-30,22:27:51,-08:00,2025-01-30T22:27:51-08:00,0,0
index.js,65,js,dd888e77,somythl,2025-01-30,22:27:51,-08:00,2025-01-30T22:27:51-08:00,0,2
index.html,1,html,785d30a,samuelmahjouri,2025-01-10,15:30:10,-08:00,2025-01-10T15:30:10-08:00,0,14
index.html,2,html,8857e422,somythl,2025-01-27,12:16:46,-08:00,2025-01-27T12:16:46-08:00,0,25
index.html,3,html,785d30a,samuelmahjouri,2025-01-10,15:30:10,-08:00,2025-01-10T15:30:10-08:00,0,15
index.html,4,html,785d30a,samuelmahjouri,2025-01-10,15:30:10,-08:00,2025-01-10T15:30:10-08:00,0,5
index.html,5,html,edea7571,somythl,2025-01-10,18:35:18,-08:00,2025-01-10T18:35:18-08:00,0,39
index.html,6,html,1599cb4d,somythl,2025-01-24,23:36:10,-08:00,2025-01-24T23:36:10-08:00,0,46
index.html,7,html,dd888e77,somythl,2025-01-30,22:27:51,-08:00,2025-01-30T22:27:51-08:00,0,51
index.html,8,html,dd888e77,somythl,2025-01-30,22:27:51,-08:00,2025-01-30T22:27:51-08:00,0,46
index.html,9,html,785d30a,samuelmahjouri,2025-01-10,15:30:10,-08:00,2025-01-10T15:30:10-08:00,0,21
index.html,10,html,785d30a,samuelmahjouri,2025-01-10,15:30:10,-08:00,2025-01-10T15:30:10-08:00,0,69
index.html,11,html,785d30a,samuelmahjouri,2025-01-10,15:30:10,-08:00,2025-01-10T15:30:10-08:00,0,58
index.html,12,html,785d30a,samuelmahjouri,2025-01-10,15:30:10,-08:00,2025-01-10T15:30:10-08:00,0,6
index.html,13,html,1599cb4d,somythl,2025-01-24,23:36:10,-08:00,2025-01-24T23:36:10-08:00,0,0
index.html,14,html,785d30a,samuelmahjouri,2025-01-10,15:30:10,-08:00,2025-01-10T15:30:10-08:00,0,5
index.html,15,html,dd888e77,somythl,2025-01-30,22:27:51,-08:00,2025-01-30T22:27:51-08:00,0,23
index.html,16,html,dd888e77,somythl,2025-01-30,22:27:51,-08:00,2025-01-30T22:27:51-08:00,0,0
index.html,17,html,dd888e77,somythl,2025-01-30,22:27:51,-08:00,2025-01-30T22:27:51-08:00,0,52
index.html,18,html,dd888e77,somythl,2025-01-30,22:27:51,-08:00,2025-01-30T22:27:51-08:00,0,30
index.html,19,html,dd888e77,somythl,2025-01-30,22:27:51,-08:00,2025-01-30T22:27:51-08:00,0,23
index.html,20,html,dd888e77,somythl,2025-01-30,22:27:51,-08:00,2025-01-30T22:27:51-08:00,0,90
index.html,21,html,dd888e77,somythl,2025-01-30,22:27:51,-08:00,2025-01-30T22:27:51-08:00,0,0
index.html,22,html,dd888e77,somythl,2025-01-30,22:27:51,-08:00,2025-01-30T22:27:51-08:00,0,22
index.html,23,html,dd888e77,somythl,2025-01-30,22:27:51,-08:00,2025-01-30T22:27:51-08:00,0,26
index.html,24,html,dd888e77,somythl,2025-01-30,22:27:51,-08:00,2025-01-30T22:27:51-08:00,0,20
index.html,25,html,dd888e77,somythl,2025-01-30,22:27:51,-08:00,2025-01-30T22:27:51-08:00,0,39
index.html,26,html,dd888e77,somythl,2025-01-30,22:27:51,-08:00,2025-01-30T22:27:51-08:00,0,53
index.html,27,html,dd888e77,somythl,2025-01-30,22:27:51,-08:00,2025-01-30T22:27:51-08:00,0,5
index.html,28,html,dd888e77,somythl,2025-01-30,22:27:51,-08:00,2025-01-30T22:27:51-08:00,0,5
index.html,29,html,dd888e77,somythl,2025-01-30,22:27:51,-08:00,2025-01-30T22:27:51-08:00,0,0
index.html,30,html,dd888e77,somythl,2025-01-30,22:27:51,-08:00,2025-01-30T22:27:51-08:00,0,92
index.html,31,html,823b216b,somythl,2025-01-10,19:17:04,-08:00,2025-01-10T19:17:04-08:00,0,0
index.html,32,html,dd888e77,somythl,2025-01-30,22:27:51,-08:00,2025-01-30T22:27:51-08:00,0,23
index.html,33,html,dd888e77,somythl,2025-01-30,22:27:51,-08:00,2025-01-30T22:27:51-08:00,0,73
index.html,34,html,785d30a,samuelmahjouri,2025-01-10,15:30:10,-08:00,2025-01-10T15:30:10-08:00,0,6
index.html,35,html,785d30a,samuelmahjouri,2025-01-10,15:30:10,-08:00,2025-01-10T15:30:10-08:00,0,6
global.js,1,js,1599cb4d,somythl,2025-01-24,23:36:10,-08:00,2025-01-24T23:36:10-08:00,0,26
global.js,2,js,1599cb4d,somythl,2025-01-24,23:36:10,-08:00,2025-01-24T23:36:10-08:00,0,0
global.js,3,js,1599cb4d,somythl,2025-01-24,23:36:10,-08:00,2025-01-24T23:36:10-08:00,0,42
global.js,4,js,1599cb4d,somythl,2025-01-24,23:36:10,-08:00,2025-01-24T23:36:10-08:00,0,53
global.js,5,js,1599cb4d,somythl,2025-01-24,23:36:10,-08:00,2025-01-24T23:36:10-08:00,0,0
global.js,6,js,1599cb4d,somythl,2025-01-24,23:36:10,-08:00,2025-01-24T23:36:10-08:00,0,0
global.js,7,js,1599cb4d,somythl,2025-01-24,23:36:10,-08:00,2025-01-24T23:36:10-08:00,0,29
global.js,8,js,1599cb4d,somythl,2025-01-24,23:36:10,-08:00,2025-01-24T23:36:10-08:00,0,0
global.js,9,js,1599cb4d,somythl,2025-01-24,23:36:10,-08:00,2025-01-24T23:36:10-08:00,0,34
global.js,10,js,1599cb4d,somythl,2025-01-24,23:36:10,-08:00,2025-01-24T23:36:10-08:00,0,73
global.js,11,js,1599cb4d,somythl,2025-01-24,23:36:10,-08:00,2025-01-24T23:36:10-08:00,0,6
global.js,12,js,1599cb4d,somythl,2025-01-24,23:36:10,-08:00,2025-01-24T23:36:10-08:00,0,0
global.js,13,js,1599cb4d,somythl,2025-01-24,23:36:10,-08:00,2025-01-24T23:36:10-08:00,0,22
global.js,14,js,1599cb4d,somythl,2025-01-24,23:36:10,-08:00,2025-01-24T23:36:10-08:00,0,42
global.js,15,js,1599cb4d,somythl,2025-01-24,23:36:10,-08:00,2025-01-24T23:36:10-08:00,0,43
global.js,16,js,1599cb4d,somythl,2025-01-24,23:36:10,-08:00,2025-01-24T23:36:10-08:00,0,5
global.js,17,js,1599cb4d,somythl,2025-01-24,23:36:10,-08:00,2025-01-24T23:36:10-08:00,0,0
global.js,18,js,1599cb4d,somythl,2025-01-24,23:36:10,-08:00,2025-01-24T23:36:10-08:00,0,0
global.js,19,js,1599cb4d,somythl,2025-01-24,23:36:10,-08:00,2025-01-24T23:36:10-08:00,0,71
global.js,20,js,1599cb4d,somythl,2025-01-24,23:36:10,-08:00,2025-01-24T23:36:10-08:00,0,0
global.js,21,js,1599cb4d,somythl,2025-01-24,23:36:10,-08:00,2025-01-24T23:36:10-08:00,0,12
global.js,22,js,1599cb4d,somythl,2025-01-24,23:36:10,-08:00,2025-01-24T23:36:10-08:00,0,26
global.js,23,js,1599cb4d,somythl,2025-01-24,23:36:10,-08:00,2025-01-24T23:36:10-08:00,0,39
global.js,24,js,1599cb4d,somythl,2025-01-24,23:36:10,-08:00,2025-01-24T23:36:10-08:00,0,37
global.js,25,js,1599cb4d,somythl,2025-01-24,23:36:10,-08:00,2025-01-24T23:36:10-08:00,0,35
global.js,26,js,00000000,Not Committed Yet,2025-02-09,21:48:49,-08:00,2025-02-09T21:48:49-08:00,0,31
global.js,27,js,1599cb4d,somythl,2025-01-24,23:36:10,-08:00,2025-01-24T23:36:10-08:00,0,55
global.js,28,js,1599cb4d,somythl,2025-01-24,23:36:10,-08:00,2025-01-24T23:36:10-08:00,0,1
global.js,29,js,1599cb4d,somythl,2025-01-24,23:36:10,-08:00,2025-01-24T23:36:10-08:00,0,0
global.js,30,js,1599cb4d,somythl,2025-01-24,23:36:10,-08:00,2025-01-24T23:36:10-08:00,0,39
global.js,31,js,1599cb4d,somythl,2025-01-24,23:36:10,-08:00,2025-01-24T23:36:10-08:00,0,27
global.js,32,js,1599cb4d,somythl,2025-01-24,23:36:10,-08:00,2025-01-24T23:36:10-08:00,0,26
global.js,33,js,1599cb4d,somythl,2025-01-24,23:36:10,-08:00,2025-01-24T23:36:10-08:00,0,0
global.js,34,js,1599cb4d,somythl,2025-01-24,23:36:10,-08:00,2025-01-24T23:36:10-08:00,0,21
global.js,35,js,1599cb4d,somythl,2025-01-24,23:36:10,-08:00,2025-01-24T23:36:10-08:00,0,15
global.js,36,js,1599cb4d,somythl,2025-01-24,23:36:10,-08:00,2025-01-24T23:36:10-08:00,0,19
global.js,37,js,1599cb4d,somythl,2025-01-24,23:36:10,-08:00,2025-01-24T23:36:10-08:00,0,0
global.js,38,js,1599cb4d,somythl,2025-01-24,23:36:10,-08:00,2025-01-24T23:36:10-08:00,0,46
global.js,39,js,1599cb4d,somythl,2025-01-24,23:36:10,-08:00,2025-01-24T23:36:10-08:00,0,45
global.js,40,js,1599cb4d,somythl,2025-01-24,23:36:10,-08:00,2025-01-24T23:36:10-08:00,0,17
global.js,41,js,1599cb4d,somythl,2025-01-24,23:36:10,-08:00,2025-01-24T23:36:10-08:00,0,0
global.js,42,js,1599cb4d,somythl,2025-01-24,23:36:10,-08:00,2025-01-24T23:36:10-08:00,0,0
global.js,43,js,1599cb4d,somythl,2025-01-24,23:36:10,-08:00,2025-01-24T23:36:10-08:00,0,27
global.js,44,js,1599cb4d,somythl,2025-01-24,23:36:10,-08:00,2025-01-24T23:36:10-08:00,0,35
global.js,45,js,1599cb4d,somythl,2025-01-24,23:36:10,-08:00,2025-01-24T23:36:10-08:00,0,12
global.js,46,js,1599cb4d,somythl,2025-01-24,23:36:10,-08:00,2025-01-24T23:36:10-08:00,0,21
global.js,47,js,1599cb4d,somythl,2025-01-24,23:36:10,-08:00,2025-01-24T23:36:10-08:00,0,0
global.js,48,js,1599cb4d,somythl,2025-01-24,23:36:10,-08:00,2025-01-24T23:36:10-08:00,0,28
global.js,49,js,1599cb4d,somythl,2025-01-24,23:36:10,-08:00,2025-01-24T23:36:10-08:00,0,18
global.js,50,js,1599cb4d,somythl,2025-01-24,23:36:10,-08:00,2025-01-24T23:36:10-08:00,0,9
global.js,51,js,1599cb4d,somythl,2025-01-24,23:36:10,-08:00,2025-01-24T23:36:10-08:00,0,59
global.js,52,js,1599cb4d,somythl,2025-01-24,23:36:10,-08:00,2025-01-24T23:36:10-08:00,0,1
global.js,53,js,1599cb4d,somythl,2025-01-24,23:36:10,-08:00,2025-01-24T23:36:10-08:00,0,0
global.js,54,js,1599cb4d,somythl,2025-01-24,23:36:10,-08:00,2025-01-24T23:36:10-08:00,0,34
global.js,55,js,1599cb4d,somythl,2025-01-24,23:36:10,-08:00,2025-01-24T23:36:10-08:00,0,56
global.js,56,js,1599cb4d,somythl,2025-01-24,23:36:10,-08:00,2025-01-24T23:36:10-08:00,0,0
global.js,57,js,1599cb4d,somythl,2025-01-24,23:36:10,-08:00,2025-01-24T23:36:10-08:00,0,32
global.js,58,js,1599cb4d,somythl,2025-01-24,23:36:10,-08:00,2025-01-24T23:36:10-08:00,0,13
global.js,59,js,1599cb4d,somythl,2025-01-24,23:36:10,-08:00,2025-01-24T23:36:10-08:00,0,0
global.js,60,js,1599cb4d,somythl,2025-01-24,23:36:10,-08:00,2025-01-24T23:36:10-08:00,0,0
global.js,61,js,1599cb4d,somythl,2025-01-24,23:36:10,-08:00,2025-01-24T23:36:10-08:00,0,32
global.js,62,js,1599cb4d,somythl,2025-01-24,23:36:10,-08:00,2025-01-24T23:36:10-08:00,0,12
global.js,63,js,1599cb4d,somythl,2025-01-24,23:36:10,-08:00,2025-01-24T23:36:10-08:00,0,0
global.js,64,js,1599cb4d,somythl,2025-01-24,23:36:10,-08:00,2025-01-24T23:36:10-08:00,0,27
global.js,65,js,1599cb4d,somythl,2025-01-24,23:36:10,-08:00,2025-01-24T23:36:10-08:00,0,5
global.js,66,js,1599cb4d,somythl,2025-01-24,23:36:10,-08:00,2025-01-24T23:36:10-08:00,0,27
global.js,67,js,1599cb4d,somythl,2025-01-24,23:36:10,-08:00,2025-01-24T23:36:10-08:00,0,38
global.js,68,js,1599cb4d,somythl,2025-01-24,23:36:10,-08:00,2025-01-24T23:36:10-08:00,0,35
global.js,69,js,1599cb4d,somythl,2025-01-24,23:36:10,-08:00,2025-01-24T23:36:10-08:00,0,33
global.js,70,js,1599cb4d,somythl,2025-01-24,23:36:10,-08:00,2025-01-24T23:36:10-08:00,0,8
global.js,71,js,1599cb4d,somythl,2025-01-24,23:36:10,-08:00,2025-01-24T23:36:10-08:00,0,7
global.js,72,js,1599cb4d,somythl,2025-01-24,23:36:10,-08:00,2025-01-24T23:36:10-08:00,0,0
global.js,73,js,1599cb4d,somythl,2025-01-24,23:36:10,-08:00,2025-01-24T23:36:10-08:00,0,1
global.js,74,js,1599cb4d,somythl,2025-01-24,23:36:10,-08:00,2025-01-24T23:36:10-08:00,0,0
global.js,75,js,1599cb4d,somythl,2025-01-24,23:36:10,-08:00,2025-01-24T23:36:10-08:00,0,56
global.js,76,js,1599cb4d,somythl,2025-01-24,23:36:10,-08:00,2025-01-24T23:36:10-08:00,0,0
global.js,77,js,1599cb4d,somythl,2025-01-24,23:36:10,-08:00,2025-01-24T23:36:10-08:00,0,70
global.js,78,js,1599cb4d,somythl,2025-01-24,23:36:10,-08:00,2025-01-24T23:36:10-08:00,0,0
global.js,79,js,1599cb4d,somythl,2025-01-24,23:36:10,-08:00,2025-01-24T23:36:10-08:00,0,30
global.js,80,js,1599cb4d,somythl,2025-01-24,23:36:10,-08:00,2025-01-24T23:36:10-08:00,0,76
global.js,81,js,1599cb4d,somythl,2025-01-24,23:36:10,-08:00,2025-01-24T23:36:10-08:00,0,0
global.js,82,js,1599cb4d,somythl,2025-01-24,23:36:10,-08:00,2025-01-24T23:36:10-08:00,0,51
global.js,83,js,1599cb4d,somythl,2025-01-24,23:36:10,-08:00,2025-01-24T23:36:10-08:00,0,31
global.js,84,js,1599cb4d,somythl,2025-01-24,23:36:10,-08:00,2025-01-24T23:36:10-08:00,0,0
global.js,85,js,1599cb4d,somythl,2025-01-24,23:36:10,-08:00,2025-01-24T23:36:10-08:00,0,36
global.js,86,js,1599cb4d,somythl,2025-01-24,23:36:10,-08:00,2025-01-24T23:36:10-08:00,0,50
global.js,87,js,1599cb4d,somythl,2025-01-24,23:36:10,-08:00,2025-01-24T23:36:10-08:00,0,41
global.js,88,js,1599cb4d,somythl,2025-01-24,23:36:10,-08:00,2025-01-24T23:36:10-08:00,0,0
global.js,89,js,1599cb4d,somythl,2025-01-24,23:36:10,-08:00,2025-01-24T23:36:10-08:00,0,54
global.js,90,js,1599cb4d,somythl,2025-01-24,23:36:10,-08:00,2025-01-24T23:36:10-08:00,0,0
global.js,91,js,1599cb4d,somythl,2025-01-24,23:36:10,-08:00,2025-01-24T23:36:10-08:00,0,45
global.js,92,js,1599cb4d,somythl,2025-01-24,23:36:10,-08:00,2025-01-24T23:36:10-08:00,0,74
global.js,93,js,1599cb4d,somythl,2025-01-24,23:36:10,-08:00,2025-01-24T23:36:10-08:00,0,0
global.js,94,js,1599cb4d,somythl,2025-01-24,23:36:10,-08:00,2025-01-24T23:36:10-08:00,0,37
global.js,95,js,1599cb4d,somythl,2025-01-24,23:36:10,-08:00,2025-01-24T23:36:10-08:00,0,51
global.js,96,js,dd888e77,somythl,2025-01-30,22:27:51,-08:00,2025-01-30T22:27:51-08:00,0,2
global.js,97,js,dd888e77,somythl,2025-01-30,22:27:51,-08:00,2025-01-30T22:27:51-08:00,0,0
global.js,98,js,dd888e77,somythl,2025-01-30,22:27:51,-08:00,2025-01-30T22:27:51-08:00,0,0
global.js,99,js,dd888e77,somythl,2025-01-30,22:27:51,-08:00,2025-01-30T22:27:51-08:00,0,0
global.js,100,js,dd888e77,somythl,2025-01-30,22:27:51,-08:00,2025-01-30T22:27:51-08:00,0,0
global.js,101,js,dd888e77,somythl,2025-01-30,22:27:51,-08:00,2025-01-30T22:27:51-08:00,0,43
global.js,102,js,dd888e77,somythl,2025-01-30,22:27:51,-08:00,2025-01-30T22:27:51-08:00,0,0
global.js,103,js,dd888e77,somythl,2025-01-30,22:27:51,-08:00,2025-01-30T22:27:51-08:00,0,0
global.js,104,js,dd888e77,somythl,2025-01-30,22:27:51,-08:00,2025-01-30T22:27:51-08:00,0,37
global.js,105,js,dd888e77,somythl,2025-01-30,22:27:51,-08:00,2025-01-30T22:27:51-08:00,0,4
global.js,106,js,dd888e77,somythl,2025-01-30,22:27:51,-08:00,2025-01-30T22:27:51-08:00,0,40
global.js,107,js,dd888e77,somythl,2025-01-30,22:27:51,-08:00,2025-01-30T22:27:51-08:00,0,33
global.js,108,js,dd888e77,somythl,2025-01-30,22:27:51,-08:00,2025-01-30T22:27:51-08:00,0,40
global.js,109,js,dd888e77,somythl,2025-01-30,22:27:51,-08:00,2025-01-30T22:27:51-08:00,0,18
global.js,110,js,dd888e77,somythl,2025-01-30,22:27:51,-08:00,2025-01-30T22:27:51-08:00,0,67
global.js,111,js,dd888e77,somythl,2025-01-30,22:27:51,-08:00,2025-01-30T22:27:51-08:00,0,0
global.js,112,js,dd888e77,somythl,2025-01-30,22:27:51,-08:00,2025-01-30T22:27:51-08:00,0,34
global.js,113,js,dd888e77,somythl,2025-01-30,22:27:51,-08:00,2025-01-30T22:27:51-08:00,0,34
global.js,114,js,dd888e77,somythl,2025-01-30,22:27:51,-08:00,2025-01-30T22:27:51-08:00,0,0
global.js,115,js,dd888e77,somythl,2025-01-30,22:27:51,-08:00,2025-01-30T22:27:51-08:00,0,11
global.js,116,js,dd888e77,somythl,2025-01-30,22:27:51,-08:00,2025-01-30T22:27:51-08:00,0,0
global.js,117,js,dd888e77,somythl,2025-01-30,22:27:51,-08:00,2025-01-30T22:27:51-08:00,0,0
global.js,118,js,dd888e77,somythl,2025-01-30,22:27:51,-08:00,2025-01-30T22:27:51-08:00,0,0
global.js,119,js,dd888e77,somythl,2025-01-30,22:27:51,-08:00,2025-01-30T22:27:51-08:00,0,16
global.js,120,js,dd888e77,somythl,2025-01-30,22:27:51,-08:00,2025-01-30T22:27:51-08:00,0,60
global.js,121,js,dd888e77,somythl,2025-01-30,22:27:51,-08:00,2025-01-30T22:27:51-08:00,0,8
global.js,122,js,dd888e77,somythl,2025-01-30,22:27:51,-08:00,2025-01-30T22:27:51-08:00,0,0
global.js,123,js,dd888e77,somythl,2025-01-30,22:27:51,-08:00,2025-01-30T22:27:51-08:00,0,0
global.js,124,js,dd888e77,somythl,2025-01-30,22:27:51,-08:00,2025-01-30T22:27:51-08:00,0,0
global.js,125,js,dd888e77,somythl,2025-01-30,22:27:51,-08:00,2025-01-30T22:27:51-08:00,0,80
global.js,126,js,dd888e77,somythl,2025-01-30,22:27:51,-08:00,2025-01-30T22:27:51-08:00,0,39
global.js,127,js,dd888e77,somythl,2025-01-30,22:27:51,-08:00,2025-01-30T22:27:51-08:00,0,23
global.js,128,js,dd888e77,somythl,2025-01-30,22:27:51,-08:00,2025-01-30T22:27:51-08:00,0,52
global.js,129,js,dd888e77,somythl,2025-01-30,22:27:51,-08:00,2025-01-30T22:27:51-08:00,0,6
global.js,130,js,dd888e77,somythl,2025-01-30,22:27:51,-08:00,2025-01-30T22:27:51-08:00,0,0
global.js,131,js,dd888e77,somythl,2025-01-30,22:27:51,-08:00,2025-01-30T22:27:51-08:00,0,0
global.js,132,js,dd888e77,somythl,2025-01-30,22:27:51,-08:00,2025-01-30T22:27:51-08:00,0,68
global.js,133,js,dd888e77,somythl,2025-01-30,22:27:51,-08:00,2025-01-30T22:27:51-08:00,0,63
global.js,134,js,dd888e77,somythl,2025-01-30,22:27:51,-08:00,2025-01-30T22:27:51-08:00,0,48
global.js,135,js,dd888e77,somythl,2025-01-30,22:27:51,-08:00,2025-01-30T22:27:51-08:00,0,75
global.js,136,js,dd888e77,somythl,2025-01-30,22:27:51,-08:00,2025-01-30T22:27:51-08:00,0,47
global.js,137,js,dd888e77,somythl,2025-01-30,22:27:51,-08:00,2025-01-30T22:27:51-08:00,0,0
global.js,138,js,dd888e77,somythl,2025-01-30,22:27:51,-08:00,2025-01-30T22:27:51-08:00,0,0
global.js,139,js,dd888e77,somythl,2025-01-30,22:27:51,-08:00,2025-01-30T22:27:51-08:00,0,54
global.js,140,js,dd888e77,somythl,2025-01-30,22:27:51,-08:00,2025-01-30T22:27:51-08:00,0,31
global.js,141,js,dd888e77,somythl,2025-01-30,22:27:51,-08:00,2025-01-30T22:27:51-08:00,0,0
global.js,142,js,dd888e77,somythl,2025-01-30,22:27:51,-08:00,2025-01-30T22:27:51-08:00,0,64
global.js,143,js,dd888e77,somythl,2025-01-30,22:27:51,-08:00,2025-01-30T22:27:51-08:00,0,28
global.js,144,js,dd888e77,somythl,2025-01-30,22:27:51,-08:00,2025-01-30T22:27:51-08:00,0,29
global.js,145,js,dd888e77,somythl,2025-01-30,22:27:51,-08:00,2025-01-30T22:27:51-08:00,0,49
global.js,146,js,dd888e77,somythl,2025-01-30,22:27:51,-08:00,2025-01-30T22:27:51-08:00,0,0
global.js,147,js,dd888e77,somythl,2025-01-30,22:27:51,-08:00,2025-01-30T22:27:51-08:00,0,66
global.js,148,js,dd888e77,somythl,2025-01-30,22:27:51,-08:00,2025-01-30T22:27:51-08:00,0,49
global.js,149,js,dd888e77,somythl,2025-01-30,22:27:51,-08:00,2025-01-30T22:27:51-08:00,0,86
global.js,150,js,abd0f6a8,somythl,2025-02-07,20:33:02,-08:00,2025-02-07T20:33:02-08:00,0,42
global.js,151,js,dd888e77,somythl,2025-01-30,22:27:51,-08:00,2025-01-30T22:27:51-08:00,0,70
global.js,152,js,dd888e77,somythl,2025-01-30,22:27:51,-08:00,2025-01-30T22:27:51-08:00,0,0
global.js,153,js,dd888e77,somythl,2025-01-30,22:27:51,-08:00,2025-01-30T22:27:51-08:00,0,32
global.js,154,js,dd888e77,somythl,2025-01-30,22:27:51,-08:00,2025-01-30T22:27:51-08:00,0,52
global.js,155,js,dd888e77,somythl,2025-01-30,22:27:51,-08:00,2025-01-30T22:27:51-08:00,0,27
global.js,156,js,dd888e77,somythl,2025-01-30,22:27:51,-08:00,2025-01-30T22:27:51-08:00,0,0
global.js,157,js,dd888e77,somythl,2025-01-30,22:27:51,-08:00,2025-01-30T22:27:51-08:00,0,25
global.js,158,js,dd888e77,somythl,2025-01-30,22:27:51,-08:00,2025-01-30T22:27:51-08:00,0,41
global.js,159,js,dd888e77,somythl,2025-01-30,22:27:51,-08:00,2025-01-30T22:27:51-08:00,0,15
global.js,160,js,dd888e77,somythl,2025-01-30,22:27:51,-08:00,2025-01-30T22:27:51-08:00,0,15
global.js,161,js,dd888e77,somythl,2025-01-30,22:27:51,-08:00,2025-01-30T22:27:51-08:00,0,0
global.js,162,js,abd0f6a8,somythl,2025-02-07,20:33:02,-08:00,2025-02-07T20:33:02-08:00,0,51
global.js,163,js,abd0f6a8,somythl,2025-02-07,20:33:02,-08:00,2025-02-07T20:33:02-08:00,0,43
global.js,164,js,abd0f6a8,somythl,2025-02-07,20:33:02,-08:00,2025-02-07T20:33:02-08:00,0,0
global.js,165,js,dd888e77,somythl,2025-01-30,22:27:51,-08:00,2025-01-30T22:27:51-08:00,0,40
global.js,166,js,dd888e77,somythl,2025-01-30,22:27:51,-08:00,2025-01-30T22:27:51-08:00,0,45
global.js,167,js,dd888e77,somythl,2025-01-30,22:27:51,-08:00,2025-01-30T22:27:51-08:00,0,35
global.js,168,js,abd0f6a8,somythl,2025-02-07,20:33:02,-08:00,2025-02-07T20:33:02-08:00,0,0
global.js,169,js,abd0f6a8,somythl,2025-02-07,20:33:02,-08:00,2025-02-07T20:33:02-08:00,0,47
global.js,170,js,abd0f6a8,somythl,2025-02-07,20:33:02,-08:00,2025-02-07T20:33:02-08:00,0,65
global.js,171,js,abd0f6a8,somythl,2025-02-07,20:33:02,-08:00,2025-02-07T20:33:02-08:00,0,34
global.js,172,js,abd0f6a8,somythl,2025-02-07,20:33:02,-08:00,2025-02-07T20:33:02-08:00,0,0
global.js,173,js,abd0f6a8,somythl,2025-02-07,20:33:02,-08:00,2025-02-07T20:33:02-08:00,0,35
global.js,174,js,abd0f6a8,somythl,2025-02-07,20:33:02,-08:00,2025-02-07T20:33:02-08:00,0,36
global.js,175,js,abd0f6a8,somythl,2025-02-07,20:33:02,-08:00,2025-02-07T20:33:02-08:00,0,0
global.js,176,js,dd888e77,somythl,2025-01-30,22:27:51,-08:00,2025-01-30T22:27:51-08:00,0,0
global.js,177,js,dd888e77,somythl,2025-01-30,22:27:51,-08:00,2025-01-30T22:27:51-08:00,0,32
global.js,178,js,dd888e77,somythl,2025-01-30,22:27:51,-08:00,2025-01-30T22:27:51-08:00,0,28
global.js,179,js,dd888e77,somythl,2025-01-30,22:27:51,-08:00,2025-01-30T22:27:51-08:00,0,24
global.js,180,js,abd0f6a8,somythl,2025-02-07,20:33:02,-08:00,2025-02-07T20:33:02-08:00,0,34
global.js,181,js,dd888e77,somythl,2025-01-30,22:27:51,-08:00,2025-01-30T22:27:51-08:00,0,0
global.js,182,js,dd888e77,somythl,2025-01-30,22:27:51,-08:00,2025-01-30T22:27:51-08:00,0,37
global.js,183,js,dd888e77,somythl,2025-01-30,22:27:51,-08:00,2025-01-30T22:27:51-08:00,0,2
global.js,184,js,dd888e77,somythl,2025-01-30,22:27:51,-08:00,2025-01-30T22:27:51-08:00,0,0
global.js,185,js,dd888e77,somythl,2025-01-30,22:27:51,-08:00,2025-01-30T22:27:51-08:00,0,0
global.js,186,js,dd888e77,somythl,2025-01-30,22:27:51,-08:00,2025-01-30T22:27:51-08:00,0,48
global.js,187,js,dd888e77,somythl,2025-01-30,22:27:51,-08:00,2025-01-30T22:27:51-08:00,0,4
global.js,188,js,dd888e77,somythl,2025-01-30,22:27:51,-08:00,2025-01-30T22:27:51-08:00,0,72
global.js,189,js,dd888e77,somythl,2025-01-30,22:27:51,-08:00,2025-01-30T22:27:51-08:00,0,0
global.js,190,js,dd888e77,somythl,2025-01-30,22:27:51,-08:00,2025-01-30T22:27:51-08:00,0,18
global.js,191,js,dd888e77,somythl,2025-01-30,22:27:51,-08:00,2025-01-30T22:27:51-08:00,0,68
global.js,192,js,dd888e77,somythl,2025-01-30,22:27:51,-08:00,2025-01-30T22:27:51-08:00,0,0
global.js,193,js,dd888e77,somythl,2025-01-30,22:27:51,-08:00,2025-01-30T22:27:51-08:00,0,0
global.js,194,js,dd888e77,somythl,2025-01-30,22:27:51,-08:00,2025-01-30T22:27:51-08:00,0,34
global.js,195,js,dd888e77,somythl,2025-01-30,22:27:51,-08:00,2025-01-30T22:27:51-08:00,0,68
global.js,196,js,dd888e77,somythl,2025-01-30,22:27:51,-08:00,2025-01-30T22:27:51-08:00,0,0
global.js,197,js,dd888e77,somythl,2025-01-30,22:27:51,-08:00,2025-01-30T22:27:51-08:00,0,11
global.js,198,js,dd888e77,somythl,2025-01-30,22:27:51,-08:00,2025-01-30T22:27:51-08:00,0,16
global.js,199,js,dd888e77,somythl,2025-01-30,22:27:51,-08:00,2025-01-30T22:27:51-08:00,0,53
global.js,200,js,dd888e77,somythl,2025-01-30,22:27:51,-08:00,2025-01-30T22:27:51-08:00,0,44
global.js,201,js,dd888e77,somythl,2025-01-30,22:27:51,-08:00,2025-01-30T22:27:51-08:00,0,0
global.js,202,js,dd888e77,somythl,2025-01-30,22:27:51,-08:00,2025-01-30T22:27:51-08:00,0,0
resume/index.html,1,html,823b216b,somythl,2025-01-10,19:17:04,-08:00,2025-01-10T19:17:04-08:00,0,14
resume/index.html,2,html,823b216b,somythl,2025-01-10,19:17:04,-08:00,2025-01-10T19:17:04-08:00,0,15
resume/index.html,3,html,823b216b,somythl,2025-01-10,19:17:04,-08:00,2025-01-10T19:17:04-08:00,0,5
resume/index.html,4,html,823b216b,somythl,2025-01-10,19:17:04,-08:00,2025-01-10T19:17:04-08:00,0,42
resume/index.html,5,html,1599cb4d,somythl,2025-01-24,23:36:10,-08:00,2025-01-24T23:36:10-08:00,0,49
resume/index.html,6,html,823b216b,somythl,2025-01-10,19:17:04,-08:00,2025-01-10T19:17:04-08:00,0,21
resume/index.html,7,html,823b216b,somythl,2025-01-10,19:17:04,-08:00,2025-01-10T19:17:04-08:00,0,69
resume/index.html,8,html,823b216b,somythl,2025-01-10,19:17:04,-08:00,2025-01-10T19:17:04-08:00,0,20
resume/index.html,9,html,823b216b,somythl,2025-01-10,19:17:04,-08:00,2025-01-10T19:17:04-08:00,0,6
resume/index.html,10,html,823b216b,somythl,2025-01-10,19:17:04,-08:00,2025-01-10T19:17:04-08:00,0,5
resume/index.html,11,html,dd888e77,somythl,2025-01-30,22:27:51,-08:00,2025-01-30T22:27:51-08:00,0,0
resume/index.html,12,html,823b216b,somythl,2025-01-10,19:17:04,-08:00,2025-01-10T19:17:04-08:00,0,0
resume/index.html,13,html,c0d80459,somythl,2025-01-17,23:05:31,-08:00,2025-01-17T23:05:31-08:00,0,16
resume/index.html,14,html,c0d80459,somythl,2025-01-17,23:05:31,-08:00,2025-01-17T23:05:31-08:00,0,0
resume/index.html,15,html,823b216b,somythl,2025-01-10,19:17:04,-08:00,2025-01-10T19:17:04-08:00,0,8
resume/index.html,16,html,823b216b,somythl,2025-01-10,19:17:04,-08:00,2025-01-10T19:17:04-08:00,0,7
resume/index.html,17,html,823b216b,somythl,2025-01-10,19:17:04,-08:00,2025-01-10T19:17:04-08:00,0,28
resume/index.html,18,html,823b216b,somythl,2025-01-10,19:17:04,-08:00,2025-01-10T19:17:04-08:00,0,8
resume/index.html,19,html,823b216b,somythl,2025-01-10,19:17:04,-08:00,2025-01-10T19:17:04-08:00,0,86
resume/index.html,20,html,823b216b,somythl,2025-01-10,19:17:04,-08:00,2025-01-10T19:17:04-08:00,0,44
resume/index.html,21,html,c0d80459,somythl,2025-01-17,23:05:31,-08:00,2025-01-17T23:05:31-08:00,0,109
resume/index.html,22,html,823b216b,somythl,2025-01-10,19:17:04,-08:00,2025-01-10T19:17:04-08:00,0,9
resume/index.html,23,html,823b216b,somythl,2025-01-10,19:17:04,-08:00,2025-01-10T19:17:04-08:00,0,0
resume/index.html,24,html,823b216b,somythl,2025-01-10,19:17:04,-08:00,2025-01-10T19:17:04-08:00,0,8
resume/index.html,25,html,823b216b,somythl,2025-01-10,19:17:04,-08:00,2025-01-10T19:17:04-08:00,0,7
resume/index.html,26,html,823b216b,somythl,2025-01-10,19:17:04,-08:00,2025-01-10T19:17:04-08:00,0,17
resume/index.html,27,html,823b216b,somythl,2025-01-10,19:17:04,-08:00,2025-01-10T19:17:04-08:00,0,8
resume/index.html,28,html,823b216b,somythl,2025-01-10,19:17:04,-08:00,2025-01-10T19:17:04-08:00,0,8
resume/index.html,29,html,823b216b,somythl,2025-01-10,19:17:04,-08:00,2025-01-10T19:17:04-08:00,0,7
resume/index.html,30,html,c0d80459,somythl,2025-01-17,23:05:31,-08:00,2025-01-17T23:05:31-08:00,0,43
resume/index.html,31,html,823b216b,somythl,2025-01-10,19:17:04,-08:00,2025-01-10T19:17:04-08:00,0,8
resume/index.html,32,html,c0d80459,somythl,2025-01-17,23:05:31,-08:00,2025-01-17T23:05:31-08:00,0,96
resume/index.html,33,html,c0d80459,somythl,2025-01-17,23:05:31,-08:00,2025-01-17T23:05:31-08:00,0,58
resume/index.html,34,html,c0d80459,somythl,2025-01-17,23:05:31,-08:00,2025-01-17T23:05:31-08:00,0,56
resume/index.html,35,html,c0d80459,somythl,2025-01-17,23:05:31,-08:00,2025-01-17T23:05:31-08:00,0,9
resume/index.html,36,html,823b216b,somythl,2025-01-10,19:17:04,-08:00,2025-01-10T19:17:04-08:00,0,9
resume/index.html,37,html,823b216b,somythl,2025-01-10,19:17:04,-08:00,2025-01-10T19:17:04-08:00,0,0
resume/index.html,38,html,823b216b,somythl,2025-01-10,19:17:04,-08:00,2025-01-10T19:17:04-08:00,0,8
resume/index.html,39,html,823b216b,somythl,2025-01-10,19:17:04,-08:00,2025-01-10T19:17:04-08:00,0,7
resume/index.html,40,html,823b216b,somythl,2025-01-10,19:17:04,-08:00,2025-01-10T19:17:04-08:00,0,18
resume/index.html,41,html,823b216b,somythl,2025-01-10,19:17:04,-08:00,2025-01-10T19:17:04-08:00,0,8
resume/index.html,42,html,823b216b,somythl,2025-01-10,19:17:04,-08:00,2025-01-10T19:17:04-08:00,0,8
resume/index.html,43,html,823b216b,somythl,2025-01-10,19:17:04,-08:00,2025-01-10T19:17:04-08:00,0,7
resume/index.html,44,html,c0d80459,somythl,2025-01-17,23:05:31,-08:00,2025-01-17T23:05:31-08:00,0,38
resume/index.html,45,html,c0d80459,somythl,2025-01-17,23:05:31,-08:00,2025-01-17T23:05:31-08:00,0,39
resume/index.html,46,html,c0d80459,somythl,2025-01-17,23:05:31,-08:00,2025-01-17T23:05:31-08:00,0,93
resume/index.html,47,html,823b216b,somythl,2025-01-10,19:17:04,-08:00,2025-01-10T19:17:04-08:00,0,8
resume/index.html,48,html,823b216b,somythl,2025-01-10,19:17:04,-08:00,2025-01-10T19:17:04-08:00,0,3
resume/index.html,49,html,823b216b,somythl,2025-01-10,19:17:04,-08:00,2025-01-10T19:17:04-08:00,0,31
resume/index.html,50,html,823b216b,somythl,2025-01-10,19:17:04,-08:00,2025-01-10T19:17:04-08:00,0,34
resume/index.html,51,html,823b216b,somythl,2025-01-10,19:17:04,-08:00,2025-01-10T19:17:04-08:00,0,4
resume/index.html,52,html,823b216b,somythl,2025-01-10,19:17:04,-08:00,2025-01-10T19:17:04-08:00,0,9
resume/index.html,53,html,823b216b,somythl,2025-01-10,19:17:04,-08:00,2025-01-10T19:17:04-08:00,0,9
resume/index.html,54,html,823b216b,somythl,2025-01-10,19:17:04,-08:00,2025-01-10T19:17:04-08:00,0,0
resume/index.html,55,html,823b216b,somythl,2025-01-10,19:17:04,-08:00,2025-01-10T19:17:04-08:00,0,8
resume/index.html,56,html,823b216b,somythl,2025-01-10,19:17:04,-08:00,2025-01-10T19:17:04-08:00,0,7
resume/index.html,57,html,823b216b,somythl,2025-01-10,19:17:04,-08:00,2025-01-10T19:17:04-08:00,0,14
resume/index.html,58,html,823b216b,somythl,2025-01-10,19:17:04,-08:00,2025-01-10T19:17:04-08:00,0,8
resume/index.html,59,html,823b216b,somythl,2025-01-10,19:17:04,-08:00,2025-01-10T19:17:04-08:00,0,3
resume/index.html,60,html,823b216b,somythl,2025-01-10,19:17:04,-08:00,2025-01-10T19:17:04-08:00,0,65
resume/index.html,61,html,823b216b,somythl,2025-01-10,19:17:04,-08:00,2025-01-10T19:17:04-08:00,0,41
resume/index.html,62,html,823b216b,somythl,2025-01-10,19:17:04,-08:00,2025-01-10T19:17:04-08:00,0,4
resume/index.html,63,html,823b216b,somythl,2025-01-10,19:17:04,-08:00,2025-01-10T19:17:04-08:00,0,9
resume/index.html,64,html,823b216b,somythl,2025-01-10,19:17:04,-08:00,2025-01-10T19:17:04-08:00,0,0
resume/index.html,65,html,823b216b,somythl,2025-01-10,19:17:04,-08:00,2025-01-10T19:17:04-08:00,0,8
resume/index.html,66,html,823b216b,somythl,2025-01-10,19:17:04,-08:00,2025-01-10T19:17:04-08:00,0,7
resume/index.html,67,html,823b216b,somythl,2025-01-10,19:17:04,-08:00,2025-01-10T19:17:04-08:00,0,17
resume/index.html,68,html,823b216b,somythl,2025-01-10,19:17:04,-08:00,2025-01-10T19:17:04-08:00,0,8
resume/index.html,69,html,823b216b,somythl,2025-01-10,19:17:04,-08:00,2025-01-10T19:17:04-08:00,0,105
resume/index.html,70,html,823b216b,somythl,2025-01-10,19:17:04,-08:00,2025-01-10T19:17:04-08:00,0,9
resume/index.html,71,html,823b216b,somythl,2025-01-10,19:17:04,-08:00,2025-01-10T19:17:04-08:00,0,0
resume/index.html,72,html,823b216b,somythl,2025-01-10,19:17:04,-08:00,2025-01-10T19:17:04-08:00,0,6
resume/index.html,73,html,823b216b,somythl,2025-01-10,19:17:04,-08:00,2025-01-10T19:17:04-08:00,0,6
projects/projects.js,1,js,abd0f6a8,somythl,2025-02-07,20:33:02,-08:00,2025-02-07T20:33:02-08:00,0,79
projects/projects.js,2,js,abd0f6a8,somythl,2025-02-07,20:33:02,-08:00,2025-02-07T20:33:02-08:00,0,64
projects/projects.js,3,js,dd888e77,somythl,2025-01-30,22:27:51,-08:00,2025-01-30T22:27:51-08:00,0,0
projects/projects.js,4,js,dd888e77,somythl,2025-01-30,22:27:51,-08:00,2025-01-30T22:27:51-08:00,0,58
projects/projects.js,5,js,dd888e77,somythl,2025-01-30,22:27:51,-08:00,2025-01-30T22:27:51-08:00,0,4
projects/projects.js,6,js,abd0f6a8,somythl,2025-02-07,20:33:02,-08:00,2025-02-07T20:33:02-08:00,0,22
projects/projects.js,7,js,abd0f6a8,somythl,2025-02-07,20:33:02,-08:00,2025-02-07T20:33:02-08:00,0,54
projects/projects.js,8,js,dd888e77,somythl,2025-01-30,22:27:51,-08:00,2025-01-30T22:27:51-08:00,0,0
projects/projects.js,9,js,dd888e77,somythl,2025-01-30,22:27:51,-08:00,2025-01-30T22:27:51-08:00,0,42
projects/projects.js,10,js,dd888e77,somythl,2025-01-30,22:27:51,-08:00,2025-01-30T22:27:51-08:00,0,0
projects/projects.js,11,js,abd0f6a8,somythl,2025-02-07,20:33:02,-08:00,2025-02-07T20:33:02-08:00,0,24
projects/projects.js,12,js,dd888e77,somythl,2025-01-30,22:27:51,-08:00,2025-01-30T22:27:51-08:00,0,61
projects/projects.js,13,js,dd888e77,somythl,2025-01-30,22:27:51,-08:00,2025-01-30T22:27:51-08:00,0,68
projects/projects.js,14,js,abd0f6a8,somythl,2025-02-07,20:33:02,-08:00,2025-02-07T20:33:02-08:00,0,56
projects/projects.js,15,js,dd888e77,somythl,2025-01-30,22:27:51,-08:00,2025-01-30T22:27:51-08:00,0,0
projects/projects.js,16,js,abd0f6a8,somythl,2025-02-07,20:33:02,-08:00,2025-02-07T20:33:02-08:00,0,36
projects/projects.js,17,js,dd888e77,somythl,2025-01-30,22:27:51,-08:00,2025-01-30T22:27:51-08:00,0,24
projects/projects.js,18,js,dd888e77,somythl,2025-01-30,22:27:51,-08:00,2025-01-30T22:27:51-08:00,0,57
projects/projects.js,19,js,dd888e77,somythl,2025-01-30,22:27:51,-08:00,2025-01-30T22:27:51-08:00,0,6
projects/projects.js,20,js,dd888e77,somythl,2025-01-30,22:27:51,-08:00,2025-01-30T22:27:51-08:00,0,0
projects/projects.js,21,js,dd888e77,somythl,2025-01-30,22:27:51,-08:00,2025-01-30T22:27:51-08:00,0,0
projects/projects.js,22,js,abd0f6a8,somythl,2025-02-07,20:33:02,-08:00,2025-02-07T20:33:02-08:00,0,24
projects/projects.js,23,js,dd888e77,somythl,2025-01-30,22:27:51,-08:00,2025-01-30T22:27:51-08:00,0,25
projects/projects.js,24,js,dd888e77,somythl,2025-01-30,22:27:51,-08:00,2025-01-30T22:27:51-08:00,0,49
projects/projects.js,25,js,dd888e77,somythl,2025-01-30,22:27:51,-08:00,2025-01-30T22:27:51-08:00,0,0
projects/projects.js,26,js,dd888e77,somythl,2025-01-30,22:27:51,-08:00,2025-01-30T22:27:51-08:00,0,0
projects/projects.js,27,js,abd0f6a8,somythl,2025-02-07,20:33:02,-08:00,2025-02-07T20:33:02-08:00,0,38
projects/projects.js,28,js,abd0f6a8,somythl,2025-02-07,20:33:02,-08:00,2025-02-07T20:33:02-08:00,0,49
projects/projects.js,29,js,abd0f6a8,somythl,2025-02-07,20:33:02,-08:00,2025-02-07T20:33:02-08:00,0,0
projects/projects.js,30,js,abd0f6a8,somythl,2025-02-07,20:33:02,-08:00,2025-02-07T20:33:02-08:00,0,30
projects/projects.js,31,js,abd0f6a8,somythl,2025-02-07,20:33:02,-08:00,2025-02-07T20:33:02-08:00,0,23
projects/projects.js,32,js,abd0f6a8,somythl,2025-02-07,20:33:02,-08:00,2025-02-07T20:33:02-08:00,0,20
projects/projects.js,33,js,abd0f6a8,somythl,2025-02-07,20:33:02,-08:00,2025-02-07T20:33:02-08:00,0,0
projects/projects.js,34,js,abd0f6a8,somythl,2025-02-07,20:33:02,-08:00,2025-02-07T20:33:02-08:00,0,51
projects/projects.js,35,js,abd0f6a8,somythl,2025-02-07,20:33:02,-08:00,2025-02-07T20:33:02-08:00,0,24
projects/projects.js,36,js,abd0f6a8,somythl,2025-02-07,20:33:02,-08:00,2025-02-07T20:33:02-08:00,0,50
projects/projects.js,37,js,abd0f6a8,somythl,2025-02-07,20:33:02,-08:00,2025-02-07T20:33:02-08:00,0,69
projects/projects.js,38,js,abd0f6a8,somythl,2025-02-07,20:33:02,-08:00,2025-02-07T20:33:02-08:00,0,110
projects/projects.js,39,js,abd0f6a8,somythl,2025-02-07,20:33:02,-08:00,2025-02-07T20:33:02-08:00,0,35
projects/projects.js,40,js,abd0f6a8,somythl,2025-02-07,20:33:02,-08:00,2025-02-07T20:33:02-08:00,0,2
projects/projects.js,41,js,abd0f6a8,somythl,2025-02-07,20:33:02,-08:00,2025-02-07T20:33:02-08:00,0,0
projects/projects.js,42,js,abd0f6a8,somythl,2025-02-07,20:33:02,-08:00,2025-02-07T20:33:02-08:00,0,57
projects/projects.js,43,js,dd888e77,somythl,2025-01-30,22:27:51,-08:00,2025-01-30T22:27:51-08:00,0,0
projects/projects.js,44,js,dd888e77,somythl,2025-01-30,22:27:51,-08:00,2025-01-30T22:27:51-08:00,0,0
projects/projects.js,45,js,abd0f6a8,somythl,2025-02-07,20:33:02,-08:00,2025-02-07T20:33:02-08:00,0,40
projects/projects.js,46,js,abd0f6a8,somythl,2025-02-07,20:33:02,-08:00,2025-02-07T20:33:02-08:00,0,39
projects/projects.js,47,js,abd0f6a8,somythl,2025-02-07,20:33:02,-08:00,2025-02-07T20:33:02-08:00,0,27
projects/projects.js,48,js,abd0f6a8,somythl,2025-02-07,20:33:02,-08:00,2025-02-07T20:33:02-08:00,0,13
projects/projects.js,49,js,abd0f6a8,somythl,2025-02-07,20:33:02,-08:00,2025-02-07T20:33:02-08:00,0,15
projects/projects.js,50,js,abd0f6a8,somythl,2025-02-07,20:33:02,-08:00,2025-02-07T20:33:02-08:00,0,12
projects/projects.js,51,js,abd0f6a8,somythl,2025-02-07,20:33:02,-08:00,2025-02-07T20:33:02-08:00,0,1
projects/projects.js,52,js,abd0f6a8,somythl,2025-02-07,20:33:02,-08:00,2025-02-07T20:33:02-08:00,0,0
projects/projects.js,53,js,abd0f6a8,somythl,2025-02-07,20:33:02,-08:00,2025-02-07T20:33:02-08:00,0,46
projects/projects.js,54,js,abd0f6a8,somythl,2025-02-07,20:33:02,-08:00,2025-02-07T20:33:02-08:00,0,12
projects/projects.js,55,js,abd0f6a8,somythl,2025-02-07,20:33:02,-08:00,2025-02-07T20:33:02-08:00,0,10
projects/projects.js,56,js,abd0f6a8,somythl,2025-02-07,20:33:02,-08:00,2025-02-07T20:33:02-08:00,0,3
projects/projects.js,57,js,abd0f6a8,somythl,2025-02-07,20:33:02,-08:00,2025-02-07T20:33:02-08:00,0,0
projects/projects.js,58,js,abd0f6a8,somythl,2025-02-07,20:33:02,-08:00,2025-02-07T20:33:02-08:00,0,37
projects/projects.js,59,js,abd0f6a8,somythl,2025-02-07,20:33:02,-08:00,2025-02-07T20:33:02-08:00,0,30
projects/projects.js,60,js,abd0f6a8,somythl,2025-02-07,20:33:02,-08:00,2025-02-07T20:33:02-08:00,0,0
projects/projects.js,61,js,abd0f6a8,somythl,2025-02-07,20:33:02,-08:00,2025-02-07T20:33:02-08:00,0,49
projects/projects.js,62,js,abd0f6a8,somythl,2025-02-07,20:33:02,-08:00,2025-02-07T20:33:02-08:00,0,34
projects/projects.js,63,js,abd0f6a8,somythl,2025-02-07,20:33:02,-08:00,2025-02-07T20:33:02-08:00,0,0
projects/projects.js,64,js,abd0f6a8,somythl,2025-02-07,20:33:02,-08:00,2025-02-07T20:33:02-08:00,0,26
projects/projects.js,65,js,abd0f6a8,somythl,2025-02-07,20:33:02,-08:00,2025-02-07T20:33:02-08:00,0,14
projects/projects.js,66,js,abd0f6a8,somythl,2025-02-07,20:33:02,-08:00,2025-02-07T20:33:02-08:00,0,16
projects/projects.js,67,js,abd0f6a8,somythl,2025-02-07,20:33:02,-08:00,2025-02-07T20:33:02-08:00,0,0
projects/projects.js,68,js,abd0f6a8,somythl,2025-02-07,20:33:02,-08:00,2025-02-07T20:33:02-08:00,0,33
projects/projects.js,69,js,abd0f6a8,somythl,2025-02-07,20:33:02,-08:00,2025-02-07T20:33:02-08:00,0,22
projects/projects.js,70,js,abd0f6a8,somythl,2025-02-07,20:33:02,-08:00,2025-02-07T20:33:02-08:00,0,24
projects/projects.js,71,js,abd0f6a8,somythl,2025-02-07,20:33:02,-08:00,2025-02-07T20:33:02-08:00,0,23
projects/projects.js,72,js,abd0f6a8,somythl,2025-02-07,20:33:02,-08:00,2025-02-07T20:33:02-08:00,0,17
projects/projects.js,73,js,abd0f6a8,somythl,2025-02-07,20:33:02,-08:00,2025-02-07T20:33:02-08:00,0,21
projects/projects.js,74,js,abd0f6a8,somythl,2025-02-07,20:33:02,-08:00,2025-02-07T20:33:02-08:00,0,19
projects/projects.js,75,js,abd0f6a8,somythl,2025-02-07,20:33:02,-08:00,2025-02-07T20:33:02-08:00,0,24
projects/projects.js,76,js,abd0f6a8,somythl,2025-02-07,20:33:02,-08:00,2025-02-07T20:33:02-08:00,0,27
projects/projects.js,77,js,abd0f6a8,somythl,2025-02-07,20:33:02,-08:00,2025-02-07T20:33:02-08:00,0,26
projects/projects.js,78,js,abd0f6a8,somythl,2025-02-07,20:33:02,-08:00,2025-02-07T20:33:02-08:00,0,28
projects/projects.js,79,js,abd0f6a8,somythl,2025-02-07,20:33:02,-08:00,2025-02-07T20:33:02-08:00,0,2
projects/projects.js,80,js,abd0f6a8,somythl,2025-02-07,20:33:02,-08:00,2025-02-07T20:33:02-08:00,0,36
projects/projects.js,81,js,abd0f6a8,somythl,2025-02-07,20:33:02,-08:00,2025-02-07T20:33:02-08:00,0,0
projects/projects.js,82,js,abd0f6a8,somythl,2025-02-07,20:33:02,-08:00,2025-02-07T20:33:02-08:00,0,33
projects/projects.js,83,js,abd0f6a8,somythl,2025-02-07,20:33:02,-08:00,2025-02-07T20:33:02-08:00,0,31
projects/projects.js,84,js,abd0f6a8,somythl,2025-02-07,20:33:02,-08:00,2025-02-07T20:33:02-08:00,0,0
projects/projects.js,85,js,abd0f6a8,somythl,2025-02-07,20:33:02,-08:00,2025-02-07T20:33:02-08:00,0,19
projects/projects.js,86,js,abd0f6a8,somythl,2025-02-07,20:33:02,-08:00,2025-02-07T20:33:02-08:00,0,30
projects/projects.js,87,js,abd0f6a8,somythl,2025-02-07,20:33:02,-08:00,2025-02-07T20:33:02-08:00,0,28
projects/projects.js,88,js,abd0f6a8,somythl,2025-02-07,20:33:02,-08:00,2025-02-07T20:33:02-08:00,0,17
projects/projects.js,89,js,abd0f6a8,somythl,2025-02-07,20:33:02,-08:00,2025-02-07T20:33:02-08:00,0,28
projects/projects.js,90,js,abd0f6a8,somythl,2025-02-07,20:33:02,-08:00,2025-02-07T20:33:02-08:00,0,27
projects/projects.js,91,js,abd0f6a8,somythl,2025-02-07,20:33:02,-08:00,2025-02-07T20:33:02-08:00,0,22
projects/projects.js,92,js,abd0f6a8,somythl,2025-02-07,20:33:02,-08:00,2025-02-07T20:33:02-08:00,0,23
projects/projects.js,93,js,abd0f6a8,somythl,2025-02-07,20:33:02,-08:00,2025-02-07T20:33:02-08:00,0,63
projects/projects.js,94,js,abd0f6a8,somythl,2025-02-07,20:33:02,-08:00,2025-02-07T20:33:02-08:00,0,25
projects/projects.js,95,js,abd0f6a8,somythl,2025-02-07,20:33:02,-08:00,2025-02-07T20:33:02-08:00,0,68
projects/projects.js,96,js,abd0f6a8,somythl,2025-02-07,20:33:02,-08:00,2025-02-07T20:33:02-08:00,0,0
projects/projects.js,97,js,abd0f6a8,somythl,2025-02-07,20:33:02,-08:00,2025-02-07T20:33:02-08:00,0,26
projects/projects.js,98,js,abd0f6a8,somythl,2025-02-07,20:33:02,-08:00,2025-02-07T20:33:02-08:00,0,20
projects/projects.js,99,js,abd0f6a8,somythl,2025-02-07,20:33:02,-08:00,2025-02-07T20:33:02-08:00,0,77
projects/projects.js,100,js,abd0f6a8,somythl,2025-02-07,20:33:02,-08:00,2025-02-07T20:33:02-08:00,0,98
projects/projects.js,101,js,abd0f6a8,somythl,2025-02-07,20:33:02,-08:00,2025-02-07T20:33:02-08:00,0,0
projects/projects.js,102,js,abd0f6a8,somythl,2025-02-07,20:33:02,-08:00,2025-02-07T20:33:02-08:00,0,21
projects/projects.js,103,js,abd0f6a8,somythl,2025-02-07,20:33:02,-08:00,2025-02-07T20:33:02-08:00,0,77
projects/projects.js,104,js,abd0f6a8,somythl,2025-02-07,20:33:02,-08:00,2025-02-07T20:33:02-08:00,0,17
projects/projects.js,105,js,abd0f6a8,somythl,2025-02-07,20:33:02,-08:00,2025-02-07T20:33:02-08:00,0,111
projects/projects.js,106,js,abd0f6a8,somythl,2025-02-07,20:33:02,-08:00,2025-02-07T20:33:02-08:00,0,0
projects/projects.js,107,js,abd0f6a8,somythl,2025-02-07,20:33:02,-08:00,2025-02-07T20:33:02-08:00,0,54
projects/projects.js,108,js,abd0f6a8,somythl,2025-02-07,20:33:02,-08:00,2025-02-07T20:33:02-08:00,0,2
projects/projects.js,109,js,abd0f6a8,somythl,2025-02-07,20:33:02,-08:00,2025-02-07T20:33:02-08:00,0,2
projects/projects.js,110,js,abd0f6a8,somythl,2025-02-07,20:33:02,-08:00,2025-02-07T20:33:02-08:00,0,0
projects/projects.js,111,js,abd0f6a8,somythl,2025-02-07,20:33:02,-08:00,2025-02-07T20:33:02-08:00,0,21
projects/projects.js,112,js,abd0f6a8,somythl,2025-02-07,20:33:02,-08:00,2025-02-07T20:33:02-08:00,0,27
projects/projects.js,113,js,abd0f6a8,somythl,2025-02-07,20:33:02,-08:00,2025-02-07T20:33:02-08:00,0,35
projects/projects.js,114,js,abd0f6a8,somythl,2025-02-07,20:33:02,-08:00,2025-02-07T20:33:02-08:00,0,42
projects/projects.js,115,js,abd0f6a8,somythl,2025-02-07,20:33:02,-08:00,2025-02-07T20:33:02-08:00,0,61
projects/projects.js,116,js,abd0f6a8,somythl,2025-02-07,20:33:02,-08:00,2025-02-07T20:33:02-08:00,0,19
projects/projects.js,117,js,abd0f6a8,somythl,2025-02-07,20:33:02,-08:00,2025-02-07T20:33:02-08:00,0,64
projects/projects.js,118,js,abd0f6a8,somythl,2025-02-07,20:33:02,-08:00,2025-02-07T20:33:02-08:00,0,0
projects/projects.js,119,js,abd0f6a8,somythl,2025-02-07,20:33:02,-08:00,2025-02-07T20:33:02-08:00,0,26
projects/projects.js,120,js,abd0f6a8,somythl,2025-02-07,20:33:02,-08:00,2025-02-07T20:33:02-08:00,0,20
projects/projects.js,121,js,abd0f6a8,somythl,2025-02-07,20:33:02,-08:00,2025-02-07T20:33:02-08:00,0,78
projects/projects.js,122,js,abd0f6a8,somythl,2025-02-07,20:33:02,-08:00,2025-02-07T20:33:02-08:00,0,0
projects/projects.js,123,js,abd0f6a8,somythl,2025-02-07,20:33:02,-08:00,2025-02-07T20:33:02-08:00,0,21
projects/projects.js,124,js,abd0f6a8,somythl,2025-02-07,20:33:02,-08:00,2025-02-07T20:33:02-08:00,0,77
projects/projects.js,125,js,abd0f6a8,somythl,2025-02-07,20:33:02,-08:00,2025-02-07T20:33:02-08:00,0,17
projects/projects.js,126,js,abd0f6a8,somythl,2025-02-07,20:33:02,-08:00,2025-02-07T20:33:02-08:00,0,111
projects/projects.js,127,js,abd0f6a8,somythl,2025-02-07,20:33:02,-08:00,2025-02-07T20:33:02-08:00,0,0
projects/projects.js,128,js,abd0f6a8,somythl,2025-02-07,20:33:02,-08:00,2025-02-07T20:33:02-08:00,0,54
projects/projects.js,129,js,abd0f6a8,somythl,2025-02-07,20:33:02,-08:00,2025-02-07T20:33:02-08:00,0,2
projects/projects.js,130,js,abd0f6a8,somythl,2025-02-07,20:33:02,-08:00,2025-02-07T20:33:02-08:00,0,0
projects/projects.js,131,js,abd0f6a8,somythl,2025-02-07,20:33:02,-08:00,2025-02-07T20:33:02-08:00,0,45
projects/projects.js,132,js,abd0f6a8,somythl,2025-02-07,20:33:02,-08:00,2025-02-07T20:33:02-08:00,0,24
projects/projects.js,133,js,abd0f6a8,somythl,2025-02-07,20:33:02,-08:00,2025-02-07T20:33:02-08:00,0,23
projects/projects.js,134,js,abd0f6a8,somythl,2025-02-07,20:33:02,-08:00,2025-02-07T20:33:02-08:00,0,40
projects/projects.js,135,js,abd0f6a8,somythl,2025-02-07,20:33:02,-08:00,2025-02-07T20:33:02-08:00,0,87
projects/projects.js,136,js,abd0f6a8,somythl,2025-02-07,20:33:02,-08:00,2025-02-07T20:33:02-08:00,0,0
projects/projects.js,137,js,abd0f6a8,somythl,2025-02-07,20:33:02,-08:00,2025-02-07T20:33:02-08:00,0,49
projects/projects.js,138,js,abd0f6a8,somythl,2025-02-07,20:33:02,-08:00,2025-02-07T20:33:02-08:00,0,48
projects/projects.js,139,js,abd0f6a8,somythl,2025-02-07,20:33:02,-08:00,2025-02-07T20:33:02-08:00,0,2
projects/projects.js,140,js,abd0f6a8,somythl,2025-02-07,20:33:02,-08:00,2025-02-07T20:33:02-08:00,0,0
projects/projects.js,141,js,abd0f6a8,somythl,2025-02-07,20:33:02,-08:00,2025-02-07T20:33:02-08:00,0,0
projects/projects.js,142,js,abd0f6a8,somythl,2025-02-07,20:33:02,-08:00,2025-02-07T20:33:02-08:00,0,47
projects/projects.js,143,js,abd0f6a8,somythl,2025-02-07,20:33:02,-08:00,2025-02-07T20:33:02-08:00,0,24
projects/projects.js,144,js,abd0f6a8,somythl,2025-02-07,20:33:02,-08:00,2025-02-07T20:33:02-08:00,0,0
projects/projects.js,145,js,abd0f6a8,somythl,2025-02-07,20:33:02,-08:00,2025-02-07T20:33:02-08:00,0,69
projects/projects.js,146,js,abd0f6a8,somythl,2025-02-07,20:33:02,-08:00,2025-02-07T20:33:02-08:00,0,49
projects/projects.js,147,js,abd0f6a8,somythl,2025-02-07,20:33:02,-08:00,2025-02-07T20:33:02-08:00,0,46
projects/projects.js,148,js,abd0f6a8,somythl,2025-02-07,20:33:02,-08:00,2025-02-07T20:33:02-08:00,0,14
projects/projects.js,149,js,abd0f6a8,somythl,2025-02-07,20:33:02,-08:00,2025-02-07T20:33:02-08:00,0,2
projects/projects.js,150,js,dd888e77,somythl,2025-01-30,22:27:51,-08:00,2025-01-30T22:27:51-08:00,0,0
projects/projects.js,151,js,dd888e77,somythl,2025-01-30,22:27:51,-08:00,2025-01-30T22:27:51-08:00,0,16
projects/projects.js,152,js,dd888e77,somythl,2025-01-30,22:27:51,-08:00,2025-01-30T22:27:51-08:00,0,63
projects/projects.js,153,js,dd888e77,somythl,2025-01-30,22:27:51,-08:00,2025-01-30T22:27:51-08:00,0,0
projects/projects.js,154,js,dd888e77,somythl,2025-01-30,22:27:51,-08:00,2025-01-30T22:27:51-08:00,0,2
projects/index.html,1,html,823b216b,somythl,2025-01-10,19:17:04,-08:00,2025-01-10T19:17:04-08:00,0,14
projects/index.html,2,html,823b216b,somythl,2025-01-10,19:17:04,-08:00,2025-01-10T19:17:04-08:00,0,15
projects/index.html,3,html,823b216b,somythl,2025-01-10,19:17:04,-08:00,2025-01-10T19:17:04-08:00,0,5
projects/index.html,4,html,823b216b,somythl,2025-01-10,19:17:04,-08:00,2025-01-10T19:17:04-08:00,0,42
projects/index.html,5,html,1599cb4d,somythl,2025-01-24,23:36:10,-08:00,2025-01-24T23:36:10-08:00,0,49
projects/index.html,6,html,823b216b,somythl,2025-01-10,19:17:04,-08:00,2025-01-10T19:17:04-08:00,0,21
projects/index.html,7,html,823b216b,somythl,2025-01-10,19:17:04,-08:00,2025-01-10T19:17:04-08:00,0,69
projects/index.html,8,html,823b216b,somythl,2025-01-10,19:17:04,-08:00,2025-01-10T19:17:04-08:00,0,27
projects/index.html,9,html,823b216b,somythl,2025-01-10,19:17:04,-08:00,2025-01-10T19:17:04-08:00,0,6
projects/index.html,10,html,823b216b,somythl,2025-01-10,19:17:04,-08:00,2025-01-10T19:17:04-08:00,0,5
projects/index.html,11,html,abd0f6a8,somythl,2025-02-07,20:33:02,-08:00,2025-02-07T20:33:02-08:00,0,0
projects/index.html,12,html,abd0f6a8,somythl,2025-02-07,20:33:02,-08:00,2025-02-07T20:33:02-08:00,0,0
projects/index.html,13,html,dd888e77,somythl,2025-01-30,22:27:51,-08:00,2025-01-30T22:27:51-08:00,0,52
projects/index.html,14,html,dd888e77,somythl,2025-01-30,22:27:51,-08:00,2025-01-30T22:27:51-08:00,0,75
projects/index.html,15,html,823b216b,somythl,2025-01-10,19:17:04,-08:00,2025-01-10T19:17:04-08:00,0,0
projects/index.html,16,html,abd0f6a8,somythl,2025-02-07,20:33:02,-08:00,2025-02-07T20:33:02-08:00,0,22
projects/index.html,17,html,abd0f6a8,somythl,2025-02-07,20:33:02,-08:00,2025-02-07T20:33:02-08:00,0,55
projects/index.html,18,html,abd0f6a8,somythl,2025-02-07,20:33:02,-08:00,2025-02-07T20:33:02-08:00,0,23
projects/index.html,19,html,abd0f6a8,somythl,2025-02-07,20:33:02,-08:00,2025-02-07T20:33:02-08:00,0,5
projects/index.html,20,html,abd0f6a8,somythl,2025-02-07,20:33:02,-08:00,2025-02-07T20:33:02-08:00,0,0
projects/index.html,21,html,abd0f6a8,somythl,2025-02-07,20:33:02,-08:00,2025-02-07T20:33:02-08:00,0,5
projects/index.html,22,html,abd0f6a8,somythl,2025-02-07,20:33:02,-08:00,2025-02-07T20:33:02-08:00,0,16
projects/index.html,23,html,abd0f6a8,somythl,2025-02-07,20:33:02,-08:00,2025-02-07T20:33:02-08:00,0,12
projects/index.html,24,html,abd0f6a8,somythl,2025-02-07,20:33:02,-08:00,2025-02-07T20:33:02-08:00,0,27
projects/index.html,25,html,abd0f6a8,somythl,2025-02-07,20:33:02,-08:00,2025-02-07T20:33:02-08:00,0,32
projects/index.html,26,html,abd0f6a8,somythl,2025-02-07,20:33:02,-08:00,2025-02-07T20:33:02-08:00,0,1
projects/index.html,27,html,abd0f6a8,somythl,2025-02-07,20:33:02,-08:00,2025-02-07T20:33:02-08:00,0,0
projects/index.html,28,html,abd0f6a8,somythl,2025-02-07,20:33:02,-08:00,2025-02-07T20:33:02-08:00,0,0
projects/index.html,29,html,abd0f6a8,somythl,2025-02-07,20:33:02,-08:00,2025-02-07T20:33:02-08:00,0,0
projects/index.html,30,html,dd888e77,somythl,2025-01-30,22:27:51,-08:00,2025-01-30T22:27:51-08:00,0,64
projects/index.html,31,html,c0d80459,somythl,2025-01-17,23:05:31,-08:00,2025-01-17T23:05:31-08:00,0,0
projects/index.html,32,html,dd888e77,somythl,2025-01-30,22:27:51,-08:00,2025-01-30T22:27:51-08:00,0,33
projects/index.html,33,html,dd888e77,somythl,2025-01-30,22:27:51,-08:00,2025-01-30T22:27:51-08:00,0,49
projects/index.html,34,html,dd888e77,somythl,2025-01-30,22:27:51,-08:00,2025-01-30T22:27:51-08:00,0,48
projects/index.html,35,html,823b216b,somythl,2025-01-10,19:17:04,-08:00,2025-01-10T19:17:04-08:00,0,6
projects/index.html,36,html,abd0f6a8,somythl,2025-02-07,20:33:02,-08:00,2025-02-07T20:33:02-08:00,0,0
projects/index.html,37,html,abd0f6a8,somythl,2025-02-07,20:33:02,-08:00,2025-02-07T20:33:02-08:00,0,0
projects/index.html,38,html,abd0f6a8,somythl,2025-02-07,20:33:02,-08:00,2025-02-07T20:33:02-08:00,0,0
projects/index.html,39,html,823b216b,somythl,2025-01-10,19:17:04,-08:00,2025-01-10T19:17:04-08:00,0,6
contact/index.html,1,html,823b216b,somythl,2025-01-10,19:17:04,-08:00,2025-01-10T19:17:04-08:00,0,14
contact/index.html,2,html,823b216b,somythl,2025-01-10,19:17:04,-08:00,2025-01-10T19:17:04-08:00,0,15
contact/index.html,3,html,823b216b,somythl,2025-01-10,19:17:04,-08:00,2025-01-10T19:17:04-08:00,0,5
contact/index.html,4,html,823b216b,somythl,2025-01-10,19:17:04,-08:00,2025-01-10T19:17:04-08:00,0,42
contact/index.html,5,html,1599cb4d,somythl,2025-01-24,23:36:10,-08:00,2025-01-24T23:36:10-08:00,0,49
contact/index.html,6,html,823b216b,somythl,2025-01-10,19:17:04,-08:00,2025-01-10T19:17:04-08:00,0,21
contact/index.html,7,html,823b216b,somythl,2025-01-10,19:17:04,-08:00,2025-01-10T19:17:04-08:00,0,69
contact/index.html,8,html,823b216b,somythl,2025-01-10,19:17:04,-08:00,2025-01-10T19:17:04-08:00,0,26
contact/index.html,9,html,823b216b,somythl,2025-01-10,19:17:04,-08:00,2025-01-10T19:17:04-08:00,0,6
contact/index.html,10,html,823b216b,somythl,2025-01-10,19:17:04,-08:00,2025-01-10T19:17:04-08:00,0,5
contact/index.html,11,html,1599cb4d,somythl,2025-01-24,23:36:10,-08:00,2025-01-24T23:36:10-08:00,0,0
contact/index.html,12,html,c0d80459,somythl,2025-01-17,23:05:31,-08:00,2025-01-17T23:05:31-08:00,0,16
contact/index.html,13,html,823b216b,somythl,2025-01-10,19:17:04,-08:00,2025-01-10T19:17:04-08:00,0,0
contact/index.html,14,html,823b216b,somythl,2025-01-10,19:17:04,-08:00,2025-01-10T19:17:04-08:00,0,75
contact/index.html,15,html,3d9bc3cc,somythl,2025-01-24,23:40:48,-08:00,2025-01-24T23:40:48-08:00,0,32
contact/index.html,16,html,823b216b,somythl,2025-01-10,19:17:04,-08:00,2025-01-10T19:17:04-08:00,0,52
contact/index.html,17,html,823b216b,somythl,2025-01-10,19:17:04,-08:00,2025-01-10T19:17:04-08:00,0,0
contact/index.html,18,html,3d9bc3cc,somythl,2025-01-24,23:40:48,-08:00,2025-01-24T23:40:48-08:00,0,36
contact/index.html,19,html,823b216b,somythl,2025-01-10,19:17:04,-08:00,2025-01-10T19:17:04-08:00,0,55
contact/index.html,20,html,823b216b,somythl,2025-01-10,19:17:04,-08:00,2025-01-10T19:17:04-08:00,0,0
contact/index.html,21,html,c0d80459,somythl,2025-01-17,23:05:31,-08:00,2025-01-17T23:05:31-08:00,0,36
contact/index.html,22,html,c0d80459,somythl,2025-01-17,23:05:31,-08:00,2025-01-17T23:05:31-08:00,0,76
contact/index.html,23,html,823b216b,somythl,2025-01-10,19:17:04,-08:00,2025-01-10T19:17:04-08:00,0,34
contact/index.html,24,html,823b216b,somythl,2025-01-10,19:17:04,-08:00,2025-01-10T19:17:04-08:00,0,0
contact/index.html,25,html,823b216b,somythl,2025-01-10,19:17:04,-08:00,2025-01-10T19:17:04-08:00,0,6
contact/index.html,26,html,823b216b,somythl,2025-01-10,19:17:04,-08:00,2025-01-10T19:17:04-08:00,0,6
contact/index.html,27,html,823b216b,somythl,2025-01-10,19:17:04,-08:00,2025-01-10T19:17:04-08:00,0,6
